drugbank_id,rx_norm_id
DB00001,237057
DB00002,318341
DB00003,337623
DB00004,214470
DB00005,214555
DB00006,60819
DB00007,42375
DB00008,120608
DB00009,8410
DB00010,56188
DB00011,202912
DB00012,283838
DB00013,11055
DB00014,50610
DB00015,76895
DB00016,105694
DB00017,36118
DB00018,612937
DB00019,338036
DB00020,69634
DB00022,253453
DB00023,1156
DB00024,4952
DB00025,1300486
DB00026,72435
DB00027,5011
DB00028,1426680
DB00029,40028
DB00030,253182
DB00031,259280
DB00032,5882
DB00034,5879
DB00035,3251
DB00036,253149
DB00038,1311380
DB00039,196319
DB00040,261716
DB00041,70223
DB00042,860178
DB00043,302379
DB00044,388084
DB00045,54214
DB00046,314684
DB00047,274783
DB00048,58939
DB00049,283821
DB00050,68147
DB00051,327361
DB00052,314845
DB00053,84959
DB00054,83929
DB00055,352374
DB00056,1294580
DB00057,535
DB00059,34132
DB00060,75917
DB00061,59768
DB00062,828529
DB00063,75635
DB00065,1790539
DB00066,227518
DB00067,11149
DB00068,72258
DB00069,59744
DB00070,486164
DB00071,221109
DB00072,224905
DB00073,121191
DB00074,196102
DB00075,42405
DB00076,1745257
DB00078,262323
DB00080,22299
DB00081,263010
DB00082,278739
DB00083,1000104
DB00085,235379
DB00086,10106
DB00087,117055
DB00088,46049
DB00089,136300
DB00090,392509
DB00091,3008
DB00092,299635
DB00093,4319
DB00094,134404
DB00095,356988
DB00097,283550
DB00098,107044
DB00099,1433764
DB00100,1300488
DB00102,115238
DB00103,338817
DB00104,7617
DB00105,5880
DB00106,301739
DB00107,7824
DB00108,354770
DB00109,139896
DB00110,194279
DB00111,190353
DB00112,253337
DB00113,230435
DB00114,9004
DB00115,11248
DB00117,5340
DB00118,9504
DB00119,35161
DB00120,8156
DB00121,1588
DB00122,2449
DB00123,6536
DB00125,1091
DB00126,1151
DB00127,1483263
DB00128,1169
DB00129,7704
DB00130,4885
DB00131,309
DB00132,52071
DB00133,9671
DB00134,6837
DB00135,10962
DB00136,1894
DB00137,11359
DB00138,3036
DB00139,37255
DB00140,9346
DB00141,1362871
DB00142,25916
DB00143,4890
DB00144,89959
DB00145,4919
DB00146,1855064
DB00147,9002
DB00148,2907
DB00149,6308
DB00150,10898
DB00151,3024
DB00152,10454
DB00153,4018
DB00154,2567
DB00156,10524
DB00157,7222
DB00158,4511
DB00159,90
DB00160,426
DB00161,11115
DB00162,11246
DB00163,11256
DB00165,42954
DB00166,6417
DB00167,6033
DB00168,1311524
DB00169,1244014
DB00170,6728
DB00171,318
DB00172,8737
DB00173,290
DB00174,1157
DB00175,42463
DB00176,42355
DB00177,69749
DB00178,35296
DB00179,227239
DB00180,1546428
DB00181,1292
DB00182,725
DB00183,7993
DB00184,31765
DB00185,44281
DB00186,6470
DB00187,49737
DB00191,221138
DB00193,10689
DB00194,11194
DB00195,1520
DB00196,4450
DB00197,72610
DB00198,260101
DB00199,4053
DB00200,5514
DB00201,1886
DB00202,10154
DB00203,136411
DB00204,49247
DB00205,9010
DB00206,9260
DB00207,1299904
DB00208,10594
DB00209,236778
DB00210,60223
DB00211,6963
DB00213,40790
DB00214,38413
DB00215,2556
DB00216,231049
DB00217,1523
DB00218,139462
DB00219,7818
DB00220,134527
DB00221,6023
DB00222,25789
DB00223,91311
DB00224,114289
DB00225,41144
DB00226,26296
DB00227,6472
DB00228,3920
DB00229,2188
DB00230,187832
DB00231,10355
DB00232,6860
DB00233,7833
DB00234,60842
DB00235,52769
DB00236,8347
DB00237,477631
DB00238,53654
DB00239,32638
DB00240,108088
DB00241,19860
DB00242,44157
DB00243,35829
DB00244,52582
DB00245,1424
DB00246,115698
DB00247,6911
DB00248,47579
DB00249,5653
DB00250,3108
DB00251,37806
DB00252,8183
DB00253,29439
DB00254,1545992
DB00255,3390
DB00256,6513
DB00257,2623
DB00258,214342
DB00259,10184
DB00260,3007
DB00261,596724
DB00262,2105
DB00263,10207
DB00264,6918
DB00265,21766
DB00266,1598
DB00268,72302
DB00269,2397
DB00270,33910
DB00271,1546223
DB00273,38404
DB00274,2182
DB00275,321064
DB00276,739
DB00277,10438
DB00278,15202
DB00279,10814
DB00280,3541
DB00281,6387
DB00282,11473
DB00283,2578
DB00284,16681
DB00285,39786
DB00286,4099
DB00287,283809
DB00288,17652
DB00289,38400
DB00290,1622
DB00291,2346
DB00292,4177
DB00293,196239
DB00294,14584
DB00295,7052
DB00296,35780
DB00297,1815
DB00298,22298
DB00299,59839
DB00300,300195
DB00301,4448
DB00302,10691
DB00303,325642
DB00304,22656
DB00305,632
DB00306,89810
DB00307,233272
DB00308,41289
DB00309,11204
DB00310,2409
DB00312,8004
DB00313,11118
DB00314,78903
DB00315,135775
DB00316,161
DB00317,328134
DB00318,1545976
DB00319,1546000
DB00320,3418
DB00321,704
DB00322,4488
DB00323,72937
DB00324,4491
DB00325,7476
DB00326,47618
DB00327,3423
DB00328,5781
DB00330,4110
DB00331,6809
DB00332,7213
DB00333,6813
DB00334,61381
DB00335,1202
DB00336,7455
DB00337,321952
DB00338,7646
DB00339,8987
DB00340,29682
DB00341,20610
DB00342,42330
DB00343,3443
DB00344,8886
DB00345,42837
DB00346,17300
DB00347,10827
DB00348,61805
DB00349,21241
DB00350,6984
DB00351,29451
DB00352,10485
DB00353,6883
DB00354,59636
DB00355,1272
DB00356,2410
DB00357,677
DB00358,6694
DB00359,10171
DB00360,753340
DB00361,39541
DB00362,341018
DB00363,2626
DB00364,10156
DB00365,83719
DB00366,3642
DB00367,6373
DB00368,7512
DB00369,1546007
DB00370,15996
DB00371,6760
DB00372,10471
DB00373,10600
DB00374,343048
DB00375,2685
DB00376,10811
DB00377,70561
DB00378,3706
DB00379,6926
DB00380,42736
DB00381,17767
DB00382,10318
DB00383,32698
DB00384,10763
DB00385,31435
DB00387,8718
DB00388,8163
DB00389,2020
DB00390,3407
DB00391,10239
DB00392,4134
DB00393,7426
DB00394,1348
DB00395,2101
DB00396,8727
DB00397,8175
DB00398,495881
DB00399,1546014
DB00400,5021
DB00401,7435
DB00402,461016
DB00403,596
DB00405,22696
DB00406,1546369
DB00407,87866
DB00408,6475
DB00409,35350
DB00410,42372
DB00411,1546387
DB00412,84108
DB00413,746741
DB00414,173
DB00415,221058
DB00416,203206
DB00417,7984
DB00418,9624
DB00419,402316
DB00420,8742
DB00421,9997
DB00422,6901
DB00423,6845
DB00424,153970
DB00425,39993
DB00426,68099
DB00427,10849
DB00428,10114
DB00429,2051
DB00431,1388
DB00432,10803
DB00433,8704
DB00434,3013
DB00435,7442
DB00436,1369
DB00437,519
DB00438,1545984
DB00439,596723
DB00440,10829
DB00441,12574
DB00442,1546027
DB00443,1514
DB00444,10362
DB00445,3995
DB00446,2348
DB00447,28981
DB00448,17128
DB00449,23410
DB00450,3648
DB00451,10582
DB00452,4556
DB00453,21272
DB00454,6754
DB00455,28889
DB00456,2236
DB00457,8629
DB00458,5691
DB00459,16818
DB00460,118886
DB00461,31448
DB00462,56092
DB00463,6825
DB00464,9913
DB00465,35827
DB00467,3925
DB00468,9071
DB00469,37790
DB00470,10402
DB00471,88249
DB00472,4493
DB00473,26879
DB00474,6847
DB00475,2356
DB00476,72625
DB00477,2403
DB00478,9386
DB00479,641
DB00480,342369
DB00481,72143
DB00482,140587
DB00483,4639
DB00484,134615
DB00485,3356
DB00486,31447
DB00487,7960
DB00488,5296
DB00489,9947
DB00490,1827
DB00491,30009
DB00492,50166
DB00493,2186
DB00494,60307
DB00495,11413
DB00496,136198
DB00497,7804
DB00498,8130
DB00499,4508
DB00500,10636
DB00501,2541
DB00502,5093
DB00503,85762
DB00504,6370
DB00505,38617
DB00507,31819
DB00508,10805
DB00509,3292
DB00511,132871
DB00512,11124
DB00513,99
DB00514,3289
DB00515,2555
DB00516,134568
DB00517,17945
DB00518,430
DB00519,38454
DB00520,140108
DB00521,2116
DB00522,18896
DB00523,81864
DB00524,6916
DB00525,10637
DB00526,32592
DB00527,3339
DB00528,135056
DB00529,33562
DB00530,337525
DB00531,1545988
DB00532,6757
DB00533,232158
DB00535,25037
DB00536,50675
DB00537,2551
DB00538,228833
DB00539,38409
DB00540,7531
DB00541,11202
DB00542,18867
DB00543,722
DB00544,4492
DB00545,9000
DB00547,3255
DB00548,18602
DB00549,114970
DB00550,8794
DB00551,16728
DB00552,8011
DB00553,6854
DB00554,8356
DB00555,28439
DB00556,283753
DB00557,5553
DB00558,69722
DB00559,75207
DB00560,384455
DB00561,3637
DB00562,19008
DB00563,6851
DB00564,2002
DB00565,319864
DB00566,3446
DB00567,1299782
DB00568,2549
DB00570,11198
DB00571,8787
DB00572,1223
DB00573,4331
DB00574,4328
DB00575,2599
DB00576,10179
DB00577,73645
DB00578,2015
DB00579,6664
DB00580,278567
DB00581,6218
DB00582,121243
DB00583,2106
DB00584,3827
DB00585,42319
DB00586,3355
DB00588,50121
DB00589,6446
DB00590,49276
DB00591,4461
DB00592,8340
DB00593,4135
DB00594,644
DB00595,7821
DB00596,41208
DB00597,25483
DB00598,6185
DB00599,10493
DB00600,17145
DB00601,190376
DB00602,6069
DB00603,1000112
DB00604,35255
DB00605,10237
DB00606,22033
DB00607,7233
DB00608,2393
DB00609,4127
DB00610,6805
DB00611,1841
DB00612,19484
DB00613,720
DB00614,4601
DB00615,55672
DB00617,32894
DB00618,3154
DB00619,282388
DB00620,10759
DB00621,7779
DB00622,7396
DB00623,4496
DB00624,10379
DB00625,195085
DB00626,1291
DB00627,7393
DB00628,235408
DB00629,5033
DB00630,236083
DB00631,44151
DB00632,594680
DB00633,48937
DB00634,10169
DB00635,8640
DB00636,2594
DB00637,42328
DB00638,5924
DB00639,19884
DB00640,296
DB00641,36567
DB00642,68446
DB00643,6672
DB00644,6384
DB00645,23744
DB00646,7597
DB00647,8785
DB00648,7004
DB00649,59763
DB00650,6313
DB00651,3714
DB00652,8001
DB00653,1311625
DB00654,43611
DB00655,4103
DB00656,10737
DB00657,6673
DB00658,214824
DB00659,82819
DB00660,59078
DB00661,11170
DB00662,38685
DB00663,4458
DB00664,10175
DB00665,31805
DB00666,28656
DB00668,3992
DB00669,37418
DB00670,8352
DB00671,25033
DB00672,2404
DB00673,358255
DB00674,4637
DB00675,10324
DB00676,19044
DB00677,6027
DB00678,52175
DB00679,10502
DB00680,40169
DB00681,236594
DB00682,11289
DB00683,6960
DB00684,10627
DB00685,115552
DB00686,155046
DB00687,4452
DB00688,68149
DB00690,4501
DB00691,30131
DB00692,8153
DB00693,25138
DB00694,3109
DB00695,4603
DB00696,4025
DB00697,57258
DB00698,235559
DB00699,7398
DB00700,298869
DB00701,228656
DB00702,140480
DB00703,6826
DB00704,7243
DB00705,83816
DB00706,77492
DB00707,333848
DB00708,56795
DB00709,68244
DB00710,115264
DB00711,3384
DB00712,4502
DB00713,7773
DB00714,1043
DB00715,32937
DB00716,31563
DB00717,7514
DB00718,141400
DB00719,18600
DB00720,3350
DB00721,8701
DB00722,1546022
DB00723,6853
DB00724,59943
DB00725,1546413
DB00726,10834
DB00727,4917
DB00728,68139
DB00730,10450
DB00731,274332
DB00732,1219
DB00733,34345
DB00734,35636
DB00735,31476
DB00736,283742
DB00737,6676
DB00738,7994
DB00739,26797
DB00740,35623
DB00741,5492
DB00742,6628
DB00743,692620
DB00744,40575
DB00745,30125
DB00746,3131
DB00747,9603
DB00748,20220
DB00749,24605
DB00750,8686
DB00751,39684
DB00752,10734
DB00753,6026
DB00754,4136
DB00755,10753
DB00756,5293
DB00757,68091
DB00758,32968
DB00759,10395
DB00760,1546029
DB00761,8591
DB00762,51499
DB00763,6835
DB00764,108118
DB00765,266604
DB00766,21216
DB00767,19041
DB00768,135391
DB00769,598
DB00771,21232
DB00772,6606
DB00773,4179
DB00774,5495
DB00775,73137
DB00776,32624
DB00777,8770
DB00778,9478
DB00779,7240
DB00780,8123
DB00782,8761
DB00783,4083
DB00784,6693
DB00785,42618
DB00786,281
DB00788,7258
DB00789,1546432
DB00790,54552
DB00791,10996
DB00792,10847
DB00793,26422
DB00794,8691
DB00795,9524
DB00796,135481
DB00797,10634
DB00798,1596450
DB00799,83947
DB00800,24853
DB00801,26412
DB00802,480
DB00803,2709
DB00804,3361
DB00805,30031
DB00806,8013
DB00807,34905
DB00808,5764
DB00809,10869
DB00810,1589
DB00811,9344
DB00812,8160
DB00813,4337
DB00814,41493
DB00815,9871
DB00816,7688
DB00817,35797
DB00818,8782
DB00819,167
DB00820,358263
DB00821,20343
DB00822,3554
DB00823,4170
DB00824,236388
DB00826,7268
DB00827,2550
DB00828,4550
DB00829,3322
DB00830,8133
DB00831,10800
DB00832,33309
DB00833,1450910
DB00834,6964
DB00835,1767
DB00836,6468
DB00837,34568
DB00838,21249
DB00839,10633
DB00840,27291
DB00841,3616
DB00842,7781
DB00843,135447
DB00844,7238
DB00845,2592
DB00846,4500
DB00847,3022
DB00848,6371
DB00849,6758
DB00850,8076
DB00851,3098
DB00852,8896
DB00853,37776
DB00854,6378
DB00855,155002
DB00856,2399
DB00857,37801
DB00858,23678
DB00859,7975
DB00860,8638
DB00861,3393
DB00862,306674
DB00863,9143
DB00864,235991
DB00865,1422
DB00866,597
DB00867,9392
DB00868,18993
DB00869,60207
DB00870,10255
DB00871,10368
DB00872,302285
DB14596,5032
DB00875,4495
DB00876,83515
DB00877,35302
DB00878,2358
DB00879,276237
DB00880,2396
DB00881,35208
DB00882,2596
DB00883,6058
DB00884,55685
DB00885,19551
DB00886,1808
DB00888,6674
DB00889,26237
DB00890,3368
DB00891,10188
DB00892,18889
DB00893,5992
DB00894,10378
DB00895,19079
DB00896,55681
DB00897,10767
DB00898,448
DB00899,73032
DB00900,3364
DB00901,19499
DB00902,29648
DB00903,4109
DB00904,26225
DB00905,283810
DB00906,31914
DB00907,2653
DB00908,9068
DB00909,39998
DB00910,73710
DB00911,10612
DB00912,73044
DB00913,17933
DB00914,8129
DB00915,620
DB00916,6922
DB00917,3478
DB00918,279645
DB00919,270
DB00920,6146
DB00921,1819
DB00922,73107
DB00923,20486
DB00924,21949
DB00925,8149
DB00926,4182
DB00927,4278
DB00928,1251
DB00929,42331
DB00930,141626
DB00931,6812
DB00932,190548
DB00933,6779
DB00934,6646
DB00935,7812
DB00936,9525
DB00937,3389
DB00938,36117
DB00939,6678
DB00940,6821
DB00941,26826
DB00942,22037
DB00943,3363
DB00944,107771
DB00945,1191
DB00946,8150
DB00947,282357
DB00948,6927
DB00949,24812
DB00950,87636
DB00951,6038
DB00952,141366
DB00953,88014
DB00954,23437
DB00955,7337
DB00956,5489
DB00957,31994
DB00958,40048
DB00959,6902
DB00960,8332
DB00961,6759
DB00962,74667
DB00963,19737
DB00964,14845
DB00965,4125
DB00966,73494
DB00967,275635
DB00968,1545996
DB00969,85248
DB00970,3100
DB00971,36345
DB00972,18603
DB00973,341248
DB00974,1370600
DB00975,3521
DB00976,274786
DB00977,4124
DB00978,28872
DB00979,3001
DB00980,596205
DB00981,8299
DB00982,6064
DB00983,25255
DB00984,31495
DB00985,3444
DB00986,1546438
DB00987,3041
DB00988,3628
DB00989,183379
DB00990,258494
DB00991,32613
DB00992,337068
DB00993,1256
DB00994,7299
DB00995,1227
DB00996,25480
DB00997,3639
DB00998,228783
DB00999,5487
DB01000,2968
DB01001,435
DB01002,259453
DB01003,2921
DB01004,4678
DB01005,5552
DB01006,72965
DB01007,38298
DB01008,1828
DB01009,6142
DB01010,3752
DB01011,6923
DB01012,407990
DB01013,21245
DB01014,18747
DB01015,10180
DB01016,4815
DB01017,6980
DB01018,40114
DB01019,19257
DB01020,28004
DB01021,10772
DB01022,8308
DB01023,4316
DB01024,265323
DB01025,46307
DB01026,6135
DB01028,6857
DB01029,83818
DB01030,57308
DB01031,24474
DB01032,8698
DB01033,103
DB01034,8700
DB01036,119565
DB01037,9639
DB01038,8703
DB01041,10432
DB01042,6718
DB01043,6719
DB01044,1546025
DB01045,9384
DB01046,623033
DB01047,4462
DB01048,190521
DB01049,4024
DB01050,5640
DB01051,7538
DB01053,7980
DB01054,7441
DB01055,42359
DB01057,89778
DB01058,8628
DB01059,7517
DB01060,1297882
DB01061,1266
DB01062,32675
DB01063,16735
DB01064,6054
DB01065,6711
DB01066,83682
DB01067,4821
DB01068,2598
DB01069,8745
DB01070,3429
DB01071,29528
DB01072,343047
DB01073,24698
DB01074,8050
DB01075,3498
DB01076,1483793
DB01077,1356715
DB01078,3248
DB01079,139778
DB01080,14851
DB01081,3500
DB01082,10109
DB01083,37925
DB01084,28144
DB01085,8328
DB01086,1399
DB01087,8687
DB01088,40138
DB01089,62174
DB01090,47461
DB01092,7762
DB01093,3455
DB01094,1314255
DB01095,41127
DB01096,7778
DB01097,27169
DB01098,301542
DB01099,4451
DB01100,8331
DB01101,194000
DB01102,61609
DB01103,9061
DB01104,36437
DB01105,36514
DB01106,28627
DB01107,6910
DB01108,38668
DB01109,5224
DB01110,6932
DB01111,2708
DB01112,2194
DB01113,7895
DB01114,2400
DB01115,7417
DB01116,10828
DB01117,60212
DB01118,703
DB01119,3327
DB01120,4816
DB01121,33253
DB01122,623
DB01123,8723
DB01124,10635
DB01125,17941
DB01126,228790
DB01127,3743
DB01128,83008
DB01129,114979
DB01130,34369
DB01131,2382
DB01132,33738
DB01133,57230
DB01134,22537
DB01135,23651
DB01136,20352
DB01137,82122
DB01138,10205
DB01139,2238
DB01140,1545975
DB01141,325887
DB01142,3638
DB01143,1545987
DB01144,3353
DB01145,23386
DB01147,2625
DB01148,4440
DB01149,31565
DB01150,1546020
DB01151,3247
DB01152,36435
DB01154,10464
DB01155,138099
DB01156,42347
DB01157,42333
DB01158,19685
DB01159,5095
DB01160,23321
DB01161,20859
DB01162,37798
DB01163,626
DB01164,1667640
DB01165,7623
DB01166,21107
DB01167,28031
DB01168,8702
DB01169,18330
DB01170,5036
DB01171,30121
DB01172,6099
DB01173,7715
DB01174,8134
DB01175,321988
DB01176,2977
DB01177,5650
DB01178,2373
DB01179,8463
DB01180,9259
DB01181,5657
DB01182,8754
DB01183,7242
DB01184,3626
DB01185,4494
DB01186,8047
DB01187,5968
DB01188,21090
DB01189,27340
DB01190,2582
DB01191,3268
DB01192,7814
DB01193,149
DB01194,194881
DB01195,4441
DB01196,4089
DB01197,1998
DB01198,40001
DB01199,10917
DB01200,1760
DB01201,35617
DB01202,114477
DB01203,7226
DB01204,7005
DB01205,4457
DB01206,6466
DB01207,18469
DB01209,22713
DB01210,1813
DB01211,21212
DB01212,2193
DB01213,15226
DB01214,10824
DB01215,4077
DB01216,25025
DB01217,84857
DB01218,50749
DB01219,3105
DB01220,35619
DB01221,6130
DB01222,19831
DB01223,689
DB01224,51272
DB01225,67108
DB01226,30077
DB01227,237005
DB01228,42368
DB01229,56946
DB01230,7966
DB01231,23370
DB01232,83395
DB01233,6915
DB01234,3264
DB01235,6375
DB01236,36453
DB01237,19759
DB01238,89013
DB01239,2406
DB01240,8814
DB01241,4719
DB01242,2597
DB01243,20875
DB01244,1436
DB01245,10825
DB01247,6011
DB01248,1299922
DB01249,27729
DB01250,32385
DB01251,25793
DB01252,4021
DB01254,1546019
DB01255,700810
DB01256,642274
DB01257,591781
DB01259,480167
DB01260,3254
DB01261,593411
DB01262,15657
DB01263,282446
DB01264,460132
DB01265,474128
DB01266,753346
DB01267,679314
DB01268,357977
DB01269,263034
DB01270,595060
DB01271,644101
DB01272,629565
DB01273,591622
DB01274,304962
DB01275,5470
DB01276,60548
DB01277,274403
DB01278,139953
DB01279,578033
DB01280,274771
DB01281,614391
DB01282,2890
DB01285,376
DB01288,4333
DB01289,33767
DB01294,19478
DB01295,4845
DB01297,8620
DB01298,78902
DB01299,10173
DB01301,9462
DB01303,20976
DB01306,51428
DB01307,139825
DB01309,400008
DB01319,358262
DB01320,72236
DB01321,6084
DB01322,285228
DB01323,1310069
DB01324,8565
DB01325,59743
DB01326,2178
DB01327,2180
DB01328,2183
DB01329,2184
DB01330,2187
DB01331,2189
DB01332,2192
DB01333,2239
DB01336,29950
DB01337,7883
DB01338,33742
DB01339,71535
DB01340,21102
DB01341,1546436
DB01345,1318915
DB01346,36908
DB01349,719
DB01352,17381
DB01353,19874
DB01354,5302
DB01356,1546265
DB01357,6782
DB01359,7973
DB01362,5956
DB01363,1724424
DB01364,3966
DB01365,6756
DB01366,34530
DB01367,134748
DB01369,229367
DB01370,1311504
DB01373,1895
DB01375,6582
DB01378,1426853
DB01380,21655
DB01381,236809
DB01382,102848
DB01384,7910
DB01388,83213
DB01390,36676
DB01392,220982
DB01393,1525
DB01394,2683
DB01395,11636
DB01396,3403
DB01397,52364
DB01399,36108
DB01400,7315
DB01401,215799
DB01403,6852
DB01404,325526
DB01405,37771
DB01406,3102
DB01407,2580
DB01408,18751
DB01409,69120
DB01410,274964
DB01411,10437
DB01413,20481
DB01414,20492
DB01416,20489
DB01418,154
DB01419,10382
DB01421,7934
DB01422,31901
DB01423,2375829
DB01424,695
DB01425,17311
DB01426,423
DB01427,738
DB01428,32673
DB01429,1054
DB01430,528
DB01431,525
DB01432,2447
DB01433,6814
DB01434,1001
DB01436,12062
DB01437,4903
DB01438,8120
DB01439,2387302
DB01441,3304
DB01453,4166
DB01467,24840
DB01483,1325
DB01484,32022
DB01487,2464539
DB01488,23405
DB01493,4162
DB01494,89808
DB01495,22892
DB01496,23024
DB01502,61686
DB01522,3290
DB01530,784
DB01537,2289408
DB01542,4460
DB01545,24524
DB01546,24867
DB01551,23088
DB01552,21311
DB01554,1749
DB01559,2622
DB01560,2344
DB01564,133050
DB01575,6102
DB01576,3288
DB01577,6816
DB01578,6920
DB01579,33272
DB01580,7801
DB01581,10176
DB01582,10178
DB01583,10565
DB01586,11065
DB01587,28181
DB01588,8627
DB01589,35185
DB01590,141704
DB01591,322167
DB01592,262150
DB01593,11416
DB01594,7440
DB01597,2540
DB01598,1545986
DB01599,8699
DB01600,38253
DB01601,195088
DB01602,18687
DB01603,2181306
DB01604,8372
DB01605,627
DB01606,37617
DB01607,10591
DB01608,8766
DB01609,614373
DB01610,275891
DB01611,5521
DB01612,742
DB01613,4040
DB01614,155
DB01615,161203
DB01616,17627
DB01618,7019
DB01619,33283
DB01620,8132
DB01621,8348
DB01622,10498
DB01623,10510
DB01624,114176
DB01625,89784
DB01626,7930
DB01627,6398
DB01628,307296
DB01629,9945
DB01639,25696
DB01646,1426463
DB01647,1091836
DB01657,1649519
DB01671,25389
DB01678,1371315
DB01695,9500
DB01699,3143
DB01709,20614
DB01719,1740241
DB01727,1298738
DB01745,1426451
DB01760,229369
DB01765,3430
DB01776,1367170
DB01777,7891
DB01784,34693
DB01840,18997
DB01879,349730
DB01915,4537
DB01944,10337
DB01957,10459
DB01988,1314344
DB01993,1551571
DB02026,2362166
DB02061,1313173
DB02084,1311085
DB02135,1310579
DB02146,1314303
DB02160,1367159
DB02179,8126
DB02194,1314365
DB02251,7712
DB02263,4453
DB02267,29365
DB02301,797541
DB02326,1368702
DB02328,2017
DB02331,1549332
DB02346,1546445
DB02349,74
DB02363,1872047
DB02366,1368374
DB02376,1372539
DB02378,1442190
DB02380,38386
DB02384,1306181
DB02426,1362903
DB02510,10553
DB02514,1428878
DB02518,1427193
DB02521,1314330
DB02528,4617
DB02531,194337
DB02547,1364500
DB02580,1546279
DB02601,1494854
DB02614,57048
DB02639,38574
DB02651,1440856
DB02660,1426482
DB02693,7405
DB02702,113608
DB02704,1000492
DB02710,1546427
DB02732,11017
DB02746,10159
DB02773,1363030
DB02776,114052
DB02790,1426595
DB02796,1368632
DB02840,1591890
DB02858,33770
DB02927,991260
DB02940,35605
DB02956,94
DB02960,1872246
DB02962,1362885
DB02963,1363435
DB03018,1657018
DB03058,1742994
DB03067,70603
DB03086,9036
DB03090,61
DB03108,194
DB03129,1314412
DB03148,168
DB03167,1362872
DB03176,1310551
DB03194,2262276
DB03228,33290
DB03256,4888
DB03267,2049985
DB03310,25953
DB03311,59161
DB03313,1311261
DB03325,2462498
DB03339,5175
DB03405,10995
DB03420,1368871
DB03464,1368173
DB03468,2398515
DB03509,1943799
DB03554,1483262
DB03567,1362696
DB03569,1541246
DB03582,7816
DB03586,1373350
DB03588,22380
DB03601,13982
DB03605,29421
DB03615,3194
DB03621,1320642
DB03652,1442199
DB03697,2099711
DB03704,2280292
DB03741,2281310
DB03742,2597521
DB03748,10865
DB03755,1006469
DB03757,34658
DB03767,8113
DB03784,18989
DB03794,1370621
DB03797,26849
DB03809,314636
DB03844,2637735
DB03849,21116
DB03853,1363062
DB03865,1547770
DB03896,1364529
DB03897,1363061
DB03901,1427058
DB03903,11002
DB03905,1742747
DB03930,1362927
DB03968,24457
DB03995,1362685
DB03996,1742746
DB04028,1485787
DB04067,1437
DB04116,7414
DB04146,1546425
DB04161,1366667
DB04162,23420
DB04166,1426379
DB04168,4570
DB04174,3226
DB04210,9060
DB04217,1425983
DB04222,7631
DB04225,1649527
DB04243,21183
DB04273,1426330
DB04300,1309741
DB04326,1483575
DB04336,2023
DB04340,1663407
DB04350,1314409
DB04400,1426941
DB04446,17747
DB04453,6211
DB04466,1372538
DB04486,20178
DB04520,1311224
DB04533,1800093
DB04540,2438
DB04541,7418
DB04553,1368624
DB04559,25842
DB04565,5832
DB04567,7069
DB04571,10844
DB04572,10473
DB04573,4094
DB04574,9066
DB04576,42322
DB04577,17939
DB04600,2467143
DB04620,1312358
DB04631,4918
DB04661,2898
DB04666,5281
DB04704,5936
DB04712,1435287
DB04735,53694
DB04744,10256
DB04787,1313966
DB04790,19295
DB04795,5942
DB04816,22293
DB04817,3523
DB04818,5981
DB04819,6822
DB04820,7394
DB04821,7500
DB04822,32626
DB04823,8136
DB04824,155122
DB04825,8674
DB04826,1420982
DB04828,39994
DB04829,6823
DB04834,262100
DB04835,620216
DB04836,17698
DB04837,21254
DB04838,2970
DB04839,22054
DB04840,3118
DB04841,4459
DB04842,4507
DB04843,107770
DB04844,10390
DB04845,337523
DB04846,20498
DB04847,73689
DB04855,233698
DB04856,31555
DB04862,2267703
DB04865,27100
DB04866,662281
DB04869,1300701
DB04872,596554
DB04877,49626
DB04881,863035
DB04891,498509
DB04896,588250
DB04897,1293254
DB04898,19666
DB04900,38221
DB04901,1665509
DB04909,1009342
DB04911,1547611
DB04912,233603
DB04921,33199
DB04931,2262250
DB04932,1311089
DB04933,1370971
DB04941,1364449
DB04942,1860418
DB04946,73178
DB04947,28863
DB04949,1592254
DB04952,1112990
DB04954,1733681
DB04997,1242806
DB05014,1543543
DB05016,2054252
DB05019,1440270
DB05023,1114326
DB05040,24305
DB05059,1921069
DB05085,2604689
DB05088,1441651
DB05099,772
DB05100,1716278
DB05110,6464
DB05138,2198359
DB05155,1865953
DB05220,1722365
DB05241,9793
DB05246,47858
DB05249,4388
DB05255,214582
DB05260,25544
DB05262,616739
DB05273,177906
DB05276,26744
DB05282,1098413
DB05295,658708
DB05312,1791685
DB05317,805452
DB05333,1746906
DB05337,816346
DB05352,5333
DB05382,5933
DB05383,1311670
DB05384,1363568
DB05385,214461
DB05395,2002417
DB05403,1425932
DB05427,2367440
DB05476,33684
DB05484,1102261
DB05524,1367839
DB05530,1739745
DB05542,1313722
DB05555,1535922
DB05580,1591916
DB05604,8010
DB05631,2588846
DB05668,1492727
DB05678,847083
DB05680,1371041
DB05775,1100072
DB05814,1427222
DB05830,1539968
DB05870,1942950
DB05890,1798288
DB05992,1810569
DB06016,1667655
DB06021,1855735
DB06045,2632852
DB06049,2275602
DB06080,2110604
DB06082,2602286
DB06087,1536458
DB06119,2265690
DB06124,2471078
DB06138,41996
DB06145,9991
DB06147,10193
DB06148,6929
DB06149,57021
DB06150,10172
DB06151,197
DB06152,7595
DB06153,8373
DB06154,7992
DB06155,853491
DB06169,7533
DB06176,877510
DB06177,1094833
DB06187,1148138
DB06197,69036
DB06202,1368001
DB06204,787390
DB06205,1300478
DB06206,1726988
DB06207,720825
DB06209,613391
DB06210,711942
DB06211,119771
DB06212,358257
DB06213,1546015
DB06215,473387
DB06216,784649
DB06217,623400
DB06219,1539239
DB06224,1114195
DB06229,31479
DB06231,2586068
DB06235,1291301
DB06239,569
DB06244,1426872
DB06262,1489913
DB06263,10639
DB06266,612865
DB06274,480639
DB06276,356887
DB06283,68503
DB06285,32915
DB06287,657797
DB06288,46303
DB06290,1482790
DB06292,1488564
DB06293,2368733
DB06295,1726104
DB06318,1546030
DB06336,2274803
DB06345,1298944
DB06367,763450
DB06374,2628469
DB06376,1441386
DB06402,473837
DB06403,358274
DB06404,809864
DB06405,11516
DB06412,7813
DB06413,641465
DB06414,475969
DB06415,232539
DB06419,38998
DB06440,1656052
DB06442,2467553
DB06449,2604685
DB06451,2634355
DB06453,2372
DB06471,34644
DB06480,2107310
DB06481,1317116
DB06494,1374845
DB06529,718967
DB06533,1421444
DB06536,18451
DB06545,714438
DB06590,1040004
DB06592,1919083
DB06597,1746889
DB06603,1603350
DB06604,1364430
DB06606,2621880
DB06607,2054023
DB06609,1720597
DB06614,619693
DB06616,1307619
DB06618,25193
DB06624,1242999
DB06628,1608322
DB06637,897018
DB06638,993449
DB06645,712566
DB06651,1922448
DB06655,475968
DB06656,1311600
DB06663,1364105
DB06666,819300
DB06677,1112973
DB06682,1086769
DB06685,997261
DB06689,24460
DB06690,7486
DB06691,9009
DB06692,353110
DB06693,39841
DB06695,1037042
DB06696,26397
DB06697,18343
DB06698,1511
DB06699,475230
DB06700,734064
DB06701,352372
DB06702,797195
DB06703,84990
DB06704,14448
DB06705,1364289
DB06706,27946
DB06707,132889
DB06708,847728
DB06709,155080
DB06710,6904
DB06711,7247
DB06712,53692
DB06713,326374
DB06714,8792
DB06715,8597
DB06716,828682
DB06717,1731071
DB06718,10032
DB06719,1825
DB06720,901805
DB06721,81948
DB06724,1897
DB06725,20890
DB06726,1441546
DB06729,25734
DB06731,16689
DB06737,625
DB06743,23684
DB06752,2525
DB06753,38610
DB06754,78484
DB06755,19143
DB06756,1512
DB06757,6623
DB06759,85763
DB06760,214817
DB06761,46967
DB06762,33717
DB06763,9556
DB06764,37935
DB06766,1000082
DB06767,712
DB06768,215247
DB06769,134547
DB06770,1426
DB06771,819911
DB06772,996051
DB06773,235481
DB06774,1992
DB06775,401713
DB06776,342965
DB06777,2323
DB06778,21579
DB06779,67109
DB06780,258333
DB06781,23043
DB06782,3445
DB06783,24902
DB06784,272758
DB06785,35825
DB06786,5084
DB06787,26867
DB06788,50975
DB06789,12488
DB06791,68092
DB06792,1311070
DB06793,6377
DB06794,52151
DB06795,6572
DB06796,236987
DB06797,6832
DB06800,29899
DB06801,30198
DB06802,298665
DB06803,7402
DB06804,53750
DB06807,733003
DB06810,6995
DB06811,968170
DB06812,8611
DB06813,662019
DB06814,35100
DB06816,35163
DB06817,719872
DB06819,1546447
DB06820,37319
DB06821,104466
DB06823,6765
DB06824,10798
DB06825,38782
DB06826,1546408
DB06827,1362875
DB06896,1433347
DB06974,5556
DB07119,1368130
DB07353,1029
DB07403,262307
DB07478,20769
DB07567,57330
DB07616,1427068
DB07646,1362739
DB07728,1368647
DB07768,1536070
DB07778,2667741
DB07796,1368167
DB07811,2463933
DB07993,1546414
DB08168,1994358
DB08231,1356758
DB08232,10240
DB08330,1435108
DB08358,279950
DB08440,2263158
DB08519,10795
DB08605,10463
DB08622,1423925
DB08691,67182
DB08794,18609
DB08796,33740
DB08797,9518
DB08798,10183
DB08799,865
DB08800,20861
DB08801,3449
DB08802,28012
DB08803,31494
DB08805,114817
DB08807,19605
DB08808,1817
DB08809,155021
DB08810,21125
DB08811,38365
DB08813,67031
DB08814,38655
DB08815,1040028
DB08816,1116632
DB08818,5463
DB08819,1244607
DB08820,1243041
DB08822,1091643
DB08823,299081
DB08824,1426874
DB08826,11645
DB08827,1364479
DB08828,1242987
DB08830,1733674
DB08833,2613950
DB08835,1311214
DB08840,10958
DB08842,193
DB08843,1427088
DB08845,17511
DB08846,1043181
DB08847,1311548
DB08848,861634
DB08861,2420
DB08864,1102270
DB08865,1148495
DB08867,1005921
DB08868,1012892
DB08869,1044584
DB08870,1147320
DB08871,1045453
DB08872,1101333
DB08873,1102129
DB08874,1111103
DB08875,1363268
DB08876,1291609
DB08877,1193326
DB08878,1440264
DB08879,1092437
DB08880,1310520
DB08881,1147220
DB08882,1100699
DB08883,1356552
DB08884,802624
DB08885,1232150
DB08886,1431738
DB08887,1304974
DB08888,29998
DB08889,1302966
DB08890,1307404
DB08891,1300786
DB08894,1248798
DB08895,1357536
DB08896,1312397
DB08897,1303098
DB08898,1242127
DB08899,1307298
DB08900,1364468
DB08901,1364347
DB08902,1366567
DB08903,1364504
DB08904,709271
DB08905,15070
DB08906,705022
DB08907,1373458
DB08908,1373478
DB08909,1368451
DB08910,1369713
DB08911,1425099
DB08912,1424911
DB08913,1424174
DB08915,1430438
DB08917,1433693
DB08918,1433212
DB08921,1426476
DB08922,45938
DB08926,1433868
DB08931,1439816
DB08932,1442132
DB08933,1482680
DB08934,1484911
DB08935,974779
DB08936,2354
DB08937,29151
DB08939,28554
DB08940,28198
DB08941,6066
DB08942,27901
DB08944,27866
DB08945,5967
DB08947,5966
DB08948,5928
DB08949,27604
DB08950,5784
DB08951,27403
DB08955,5307
DB08958,5301
DB08960,18651
DB08962,102846
DB08963,12449
DB08965,25437
DB08966,4604
DB08967,50138
DB08968,183875
DB08969,236650
DB08971,4463
DB08972,25112
DB08973,103447
DB08974,25096
DB08975,4444
DB08978,4335
DB08980,4327
DB08981,24830
DB08982,24609
DB08984,24608
DB08985,4169
DB08986,24441
DB08987,4171
DB08988,24484
DB08989,24453
DB08990,24272
DB08991,3489
DB08996,3267
DB08998,59094
DB09000,21877
DB09001,46795
DB09002,2104180
DB09003,21247
DB09005,20881
DB09008,2233
DB09009,592464
DB09010,18846
DB09012,2011
DB09013,89812
DB09015,618970
DB09016,19895
DB09017,19790
DB09018,19768
DB09019,1753
DB09020,1596
DB09021,18880
DB09023,1361
DB09026,325646
DB09027,1591922
DB09028,1723152
DB09029,1599788
DB09030,1537034
DB09031,1494066
DB09033,1538097
DB09034,1547099
DB09035,1597876
DB09036,1535218
DB09037,1547545
DB09038,1545653
DB09039,1547220
DB09040,1539753
DB09041,1543173
DB09042,1540824
DB09043,1534763
DB09045,1551291
DB09046,1491625
DB09047,1598641
DB09048,1552337
DB09049,1551777
DB09050,1597609
DB09051,1489914
DB09052,1597258
DB09053,1442981
DB09054,1544460
DB09055,16817
DB09056,17804
DB09057,1722335
DB09059,59639
DB09060,1603834
DB09061,2045371
DB09062,1535457
DB09064,21149
DB09065,1306284
DB09066,74671
DB09068,1455099
DB09069,10826
DB09070,38260
DB09071,1490468
DB09072,9899
DB09073,1601374
DB09074,1597582
DB09075,1599538
DB09076,1487514
DB09077,1606274
DB09078,1603296
DB09079,1592737
DB09080,1546059
DB09081,51296
DB09082,1424884
DB09083,1649480
DB09084,1425
DB09085,10391
DB09086,4186
DB09087,54989
DB09088,40660
DB09089,10819
DB09090,33724
DB09091,57257
DB09092,89795
DB09093,2408
DB09094,8462
DB09095,3392
DB09096,1418
DB09097,76887
DB09098,56570
DB09099,9939
DB09100,235479
DB09101,1306286
DB09102,1606218
DB09103,140502
DB09104,6581
DB09105,1720259
DB09106,5531
DB09107,729596
DB09108,1729084
DB09109,1737557
DB09110,1546354
DB09111,816249
DB09112,236381
DB09114,69782
DB09115,3435
DB09116,1902
DB09117,7909
DB09118,2054968
DB09119,1482501
DB09120,4980
DB09122,1546168
DB09123,22968
DB09124,6690
DB09125,54993
DB09126,340705
DB09128,1658314
DB09129,21009
DB09130,2837
DB09131,150596
DB09132,1546451
DB09134,27792
DB09135,27793
DB09136,1546453
DB09137,1488818
DB09139,7806
DB09141,8825
DB09142,9800
DB09143,1659191
DB09144,1665222
DB09145,107129
DB09146,1484283
DB09147,1607976
DB09148,1492940
DB09149,1427224
DB09151,1486025
DB09152,7456
DB09153,9863
DB09154,56466
DB09155,5140
DB09156,27781
DB09157,2034
DB09158,1726081
DB09160,1482913
DB09163,1431726
DB09164,37665
DB09165,1488368
DB09166,3634
DB09168,1597381
DB09184,11196
DB09186,10288
DB09204,10561
DB09206,1011650
DB09209,33431
DB09210,8351
DB09211,28908
DB09213,237162
DB09215,23687
DB09216,38377
DB09217,473298
DB09218,2601
DB09219,31748
DB09221,2179843
DB09222,4385
DB09223,29961
DB09225,40003
DB09226,39879
DB09228,1599831
DB09229,28382
DB09237,2376944
DB09238,29275
DB09239,6878
DB09242,30257
DB09243,38382
DB09246,42635
DB09256,4582
DB09257,280611
DB09259,75960
DB09260,69528
DB09261,152610
DB09262,1716203
DB09264,1716191
DB09265,1440051
DB09266,1373391
DB09267,1546457
DB09269,33332
DB09270,21406
DB09271,1653781
DB09273,18346
DB09275,47181
DB09276,4981
DB09277,272
DB09279,1655922
DB09281,29170
DB09282,7023
DB09283,10735
DB09284,30225
DB09286,33739
DB09287,1310594
DB09288,38252
DB09290,1665496
DB09292,1656328
DB09293,1546394
DB09295,236770
DB09296,1597371
DB09297,1597373
DB09298,155067
DB09299,1721603
DB09300,1085787
DB09301,2473
DB09302,1659152
DB09303,1665684
DB09304,1488293
DB09311,1011
DB09313,1426458
DB09314,1489762
DB09315,259282
DB09316,253166
DB09318,618365
DB09319,7983
DB09321,11423
DB09322,39954
DB09324,10167
DB09325,9873
DB09326,1305558
DB09327,1741397
DB09330,1721560
DB09331,1721947
DB09332,5976
DB09334,1999801
DB09335,141440
DB09336,411
DB09338,6774
DB09339,1670304
DB09344,27712
DB09345,34347
DB09346,1311565
DB09349,5920
DB09350,8345
DB09351,353497
DB09352,7839
DB09353,37320
DB09356,22701
DB09361,4191
DB09363,599
DB09364,8793
DB09369,34120
DB09370,91559
DB09371,7515
DB09372,10328
DB09373,2199577
DB09375,2530
DB09376,28456
DB09377,4497
DB09379,227410
DB09380,91510
DB09381,214549
DB09382,91540
DB09383,29523
DB09385,91516
DB09387,7518
DB09393,8259
DB09395,267453
DB09397,1423270
DB09398,1546273
DB09400,9133
DB09401,6057
DB09403,183830
DB09406,1311539
DB09409,317246
DB09411,34322
DB09414,55018
DB09415,6704
DB09418,34318
DB09419,11378
DB09420,1361657
DB09421,10580
DB09422,9949
DB09423,317177
DB09430,314301
DB09436,9515
DB09447,91551
DB09449,37578
DB09460,36685
DB09461,4910
DB09472,1299926
DB09473,1314372
DB09477,3829
DB09479,1546434
DB09480,29155
DB09483,314797
DB09484,56501
DB09487,51474
DB09488,19959
DB09490,42987
DB09493,1729152
DB09494,20615
DB09495,45045
DB09496,13369
DB09498,281890
DB09499,24897
DB09502,1362737
DB09507,77754
DB09508,72901
DB09510,226724
DB09511,10323
DB09512,9796
DB09513,253158
DB09516,15080
DB09517,261435
DB09526,5509
DB09527,1540828
DB09532,606396
DB09534,1544124
DB09535,77674
DB09536,38323
DB09537,692863
DB09539,484348
DB09543,29787
DB09546,1427223
DB09550,2105975
DB09551,3210
DB09552,237058
DB09555,54828
DB09559,1723738
DB09561,1595589
DB09563,1425419
DB09564,1670007
DB09567,1309250
DB09568,1652071
DB09570,1723735
DB09571,1314416
DB09876,830464
DB10076,1300464
DB10276,830457
DB10284,1593127
DB10285,1593130
DB10286,798228
DB10287,798230
DB10288,798232
DB10289,798220
DB10290,798222
DB10291,798224
DB10292,798226
DB10293,901620
DB10294,901628
DB10295,901631
DB10296,901633
DB10297,901636
DB10298,901624
DB10299,798268
DB10300,798262
DB10301,798264
DB10302,798266
DB10310,1596930
DB10311,1596931
DB10312,1596932
DB10313,1596933
DB10314,1596934
DB10315,804179
DB10316,798372
DB10317,9486
DB10318,1292422
DB10319,854930
DB10320,854950
DB10321,854958
DB10322,854962
DB10323,854964
DB10324,854966
DB10325,854968
DB10326,854970
DB10327,854972
DB10328,854974
DB10329,854932
DB10330,854934
DB10331,854936
DB10332,854938
DB10333,854940
DB10334,854942
DB10335,854944
DB10336,854948
DB10337,854946
DB10338,854952
DB10339,854954
DB10340,854956
DB10341,854960
DB10342,798444
DB10343,221050
DB10344,899420
DB10345,852519
DB10346,895365
DB10348,852450
DB10349,852673
DB10350,852419
DB10351,851906
DB10352,852144
DB10353,898404
DB10354,851740
DB10355,852217
DB10356,852025
DB10357,852015
DB10359,852213
DB10360,852209
DB10361,852054
DB10362,1299981
DB10363,852281
DB10364,852221
DB10365,852136
DB10366,852834
DB10368,852237
DB10369,851874
DB10370,851918
DB10371,852320
DB10372,852029
DB10373,852680
DB10374,852302
DB10375,867311
DB10376,852294
DB10377,852114
DB10378,852653
DB10379,851878
DB10380,852272
DB10381,851930
DB10382,852742
DB10383,852382
DB10384,851938
DB10385,1347557
DB10386,851998
DB10387,851985
DB10388,852158
DB10389,852819
DB10390,852020
DB10391,897316
DB10392,852746
DB10393,852750
DB10394,851994
DB10395,852514
DB10396,852569
DB10397,852561
DB10398,852162
DB10399,851949
DB10400,1116977
DB10401,1116979
DB10403,851870
DB10404,851898
DB10406,852256
DB10408,852440
DB10409,894987
DB10410,852479
DB10411,852315
DB10412,852693
DB10413,314753
DB10415,813859
DB10416,852298
DB10417,905258
DB10418,905276
DB10419,867341
DB10420,894934
DB10421,892851
DB10422,894783
DB10423,901845
DB10425,1182
DB10426,854082
DB10427,852102
DB10428,466195
DB10429,1963
DB10430,466197
DB10431,995768
DB10432,867202
DB10433,852398
DB10434,852466
DB10435,867228
DB10436,867232
DB10437,314415
DB10438,867274
DB10439,854130
DB10440,867284
DB10441,314443
DB10442,867321
DB10443,1427134
DB10444,968437
DB10445,867349
DB10446,867357
DB10447,350141
DB10448,1329940
DB10449,1006310
DB10450,999408
DB10451,905301
DB10452,851890
DB10453,851902
DB10454,852634
DB10455,852496
DB10456,852339
DB10457,867260
DB10458,852148
DB10459,851926
DB10460,852581
DB10461,852609
DB10462,902215
DB10463,852363
DB10464,852355
DB10465,867297
DB10466,852814
DB10467,995747
DB10468,867218
DB10469,1014191
DB10470,852386
DB10471,995743
DB10472,852324
DB10473,852585
DB10474,867325
DB10475,851744
DB10478,903913
DB10479,897391
DB10480,852669
DB10481,852268
DB10482,867353
DB10483,2632070
DB10484,895919
DB10485,852229
DB10486,852738
DB10487,852709
DB10488,852622
DB10489,852343
DB10490,851990
DB10491,885750
DB10493,867142
DB10494,852329
DB10495,852627
DB10496,852577
DB10497,851934
DB10498,867361
DB10499,248123
DB10500,892507
DB10501,1424865
DB10502,1353891
DB10503,891796
DB10504,895582
DB10505,285149
DB10506,862453
DB10508,891676
DB10509,892599
DB10510,891514
DB10511,2099294
DB10512,899394
DB10513,319810
DB10514,892517
DB10515,892368
DB10516,1440974
DB10517,892372
DB10518,862461
DB10519,892653
DB10520,899673
DB10523,1372248
DB10525,891727
DB10526,1928707
DB10527,1305719
DB10528,892616
DB10529,1315115
DB10530,892620
DB10531,899746
DB10532,899414
DB10533,253172
DB10534,899424
DB10535,852617
DB10536,899476
DB10537,971849
DB10538,901382
DB10539,899448
DB10540,891641
DB10541,1997187
DB10542,862475
DB10543,892665
DB10544,901369
DB10545,899456
DB10546,285251
DB10547,974650
DB10548,899466
DB10549,892565
DB10550,2103250
DB10551,892569
DB10552,892575
DB10553,891658
DB10554,1367125
DB10555,892332
DB10556,862478
DB10557,899363
DB10558,1492174
DB10559,904606
DB10560,307387
DB10561,892628
DB10562,892632
DB10563,901337
DB10564,892638
DB10566,901199
DB10567,892592
DB10568,891668
DB10569,2099276
DB10570,975509
DB10571,892484
DB10572,892547
DB10573,892499
DB10574,892503
DB10575,975119
DB10576,901291
DB10577,891687
DB10578,260014
DB10579,901299
DB10580,968498
DB10581,892338
DB10582,896213
DB10583,798306
DB10584,235600
DB10596,1657331
DB10597,1657130
DB10602,895070
DB10604,852252
DB10605,895062
DB10606,852839
DB10607,895195
DB10608,895279
DB10609,314455
DB10610,972037
DB10611,972689
DB10612,1012026
DB10613,892181
DB10614,901390
DB10615,899428
DB10616,882469
DB10617,899434
DB10618,889591
DB10619,889602
DB10620,889646
DB10621,900031
DB10622,974129
DB10623,899916
DB10624,889669
DB10625,901283
DB10626,882482
DB10627,901265
DB10628,899378
DB10629,1549329
DB10630,1012134
DB10631,899734
DB10632,899742
DB10633,973880
DB10634,892317
DB10635,1305725
DB10636,1370769
DB10637,1426364
DB10638,235940
DB10639,891637
DB10640,319826
DB10641,1010926
DB10642,899390
DB10643,899661
DB10644,972601
DB10645,899444
DB10646,971379
DB10647,899877
DB10648,901307
DB10650,1311246
DB10651,1011033
DB10652,883414
DB10653,892526
DB10654,891633
DB10655,1011066
DB10656,1010999
DB10657,1426332
DB10658,1011426
DB10659,1010932
DB10660,1370787
DB10661,1011027
DB10662,1011049
DB10663,899490
DB10664,287516
DB10666,891502
DB10667,1368197
DB10669,895552
DB10670,1010879
DB10671,899637
DB10672,899724
DB10673,975763
DB10674,1011043
DB10675,42769
DB10676,891652
DB10677,1010965
DB10678,899873
DB10679,1011633
DB10681,1011017
DB10683,901313
DB10685,1012140
DB10686,891752
DB10687,899480
DB10688,967921
DB10690,886637
DB10691,974741
DB10693,886638
DB10694,999384
DB10695,999450
DB10696,968426
DB10697,999438
DB10698,999457
DB10699,999463
DB10700,975996
DB10701,967529
DB10702,968130
DB10703,968197
DB10704,349978
DB10705,999487
DB10707,1315113
DB10708,901351
DB10710,852062
DB10711,852412
DB10712,851882
DB10713,1014731
DB10714,852697
DB10715,852197
DB10716,894750
DB10717,1014774
DB10718,900148
DB10719,852659
DB10720,895353
DB10721,851914
DB10722,851910
DB10723,900045
DB10724,852178
DB10725,852806
DB10727,900108
DB10728,900113
DB10729,852601
DB10730,852597
DB10731,852589
DB10732,995754
DB10733,1006371
DB10734,851736
DB10735,851866
DB10736,899593
DB10737,852260
DB10738,900991
DB10739,1014721
DB10740,852276
DB10741,1111024
DB10742,1013944
DB10743,897403
DB10744,900770
DB10745,1014360
DB10746,852716
DB10747,900731
DB10748,1013913
DB10749,900743
DB10750,852348
DB10751,852367
DB10752,852170
DB10753,852174
DB10754,1014762
DB10755,852079
DB10756,897304
DB10757,897332
DB10758,852526
DB10759,851894
DB10760,852096
DB10761,892734
DB10762,896246
DB10763,852046
DB10764,852539
DB10765,851969
DB10766,852152
DB10767,852074
DB10768,852007
DB10769,1300779
DB10770,1427137
DB10771,1426855
DB10772,1427138
DB10773,1663632
DB10775,1664172
DB10781,1601233
DB10784,1601231
DB10785,1601232
DB10786,1601236
DB10787,1300180
DB10789,1300184
DB10790,1300182
DB10791,763096
DB10796,763098
DB10797,763100
DB10798,797629
DB10799,797631
DB10800,797635
DB10801,797633
DB10802,807219
DB10804,76469
DB10805,89890
DB10806,2101722
DB10807,967033
DB10808,852687
DB10809,966943
DB10810,967111
DB10811,967960
DB10812,972365
DB10813,966995
DB10814,967721
DB10815,852491
DB10816,852087
DB10817,883442
DB10818,995699
DB10819,1192997
DB10820,1192968
DB10821,1193003
DB10822,966979
DB10823,1192992
DB10824,1192729
DB10825,971198
DB10826,1314592
DB10827,968401
DB10828,968422
DB10829,899355
DB10830,891647
DB10831,899576
DB10832,852166
DB10833,899550
DB10834,1014385
DB10835,968492
DB10836,852225
DB10837,852132
DB10838,1014766
DB10839,995727
DB10840,905088
DB10841,1014391
DB10842,1014395
DB10843,1014399
DB10844,1006258
DB10845,966692
DB10846,968114
DB10847,968123
DB10848,968506
DB10849,968502
DB10850,968467
DB10851,971166
DB10852,1424898
DB10853,901303
DB10855,2167805
DB10856,895488
DB10857,894961
DB10858,1014735
DB10859,1014447
DB10860,1232637
DB10861,900025
DB10862,972480
DB10864,901365
DB10865,466198
DB10866,973447
DB10867,854025
DB10868,895538
DB10869,894795
DB10870,995707
DB10871,851981
DB10872,1117083
DB10873,852128
DB10874,882485
DB10875,901191
DB10876,895503
DB10877,895507
DB10879,1006506
DB10880,895515
DB10881,895542
DB10882,899645
DB10883,899650
DB10884,899770
DB10885,899452
DB10886,2167695
DB10887,900999
DB10888,901011
DB10889,900987
DB10890,901329
DB10891,976711
DB10892,883459
DB10893,1192987
DB10894,898324
DB10895,900764
DB10896,900758
DB10897,319780
DB10898,895527
DB10899,1014707
DB10900,1014739
DB10901,1232604
DB10902,1014743
DB10903,892360
DB10904,974140
DB10905,1309390
DB10906,1014711
DB10907,1309391
DB10908,900788
DB10909,852011
DB10910,852509
DB10911,899611
DB10912,900704
DB10913,901346
DB10914,900131
DB10915,968413
DB10916,1014755
DB10917,1314591
DB10918,882488
DB10919,891695
DB10921,1006495
DB10922,1014690
DB10923,900754
DB10924,900750
DB10925,900777
DB10926,852193
DB10927,852532
DB10928,852593
DB10929,852551
DB10930,1306882
DB10932,1925834
DB10933,852264
DB10934,852503
DB10935,314411
DB10936,852756
DB10937,852311
DB10939,852404
DB10940,851732
DB10941,852124
DB10942,852205
DB10943,852233
DB10945,852306
DB10946,852613
DB10947,851942
DB10948,851955
DB10949,852605
DB10950,852704
DB10952,852802
DB10953,852106
DB10954,852070
DB10955,854163
DB10956,1297529
DB10957,1297537
DB10958,1297525
DB10959,1294632
DB10961,1098118
DB10962,1094116
DB10963,1098232
DB10964,1014340
DB10965,1311406
DB10966,1098455
DB10967,1094193
DB10968,1098130
DB10969,1098200
DB10970,1098619
DB10971,1306122
DB10972,1306881
DB10973,1426629
DB10974,1426665
DB10975,967970
DB10976,1098183
DB10977,1315126
DB10980,1006510
DB10981,1314656
DB10982,1354504
DB10983,974527
DB10984,1010971
DB10985,1426632
DB10986,1098257
DB10987,1305551
DB10988,1098189
DB10989,253174
DB10990,1300806
DB10991,1300186
DB10992,1301887
DB10996,1657222
DB10997,1657127
DB10999,1657133
DB11003,404774
DB11004,1306108
DB11005,852844
DB11006,2168418
DB11008,892539
DB11010,1426437
DB11011,892610
DB11014,1098247
DB11017,236782
DB11018,2167551
DB11019,2166593
DB11020,2166591
DB11021,2167548
DB11022,1368357
DB11023,1427044
DB11024,1426481
DB11025,995703
DB11026,995738
DB11027,1294634
DB11028,1294628
DB11029,1294630
DB11030,1297531
DB11031,1297535
DB11032,1297533
DB11033,285170
DB11034,1664339
DB11035,1657228
DB11037,1657226
DB11038,1657224
DB11048,762595
DB11051,1114112
DB11054,1307732
DB11056,314853
DB11057,258439
DB11058,8091
DB11059,2062
DB11060,8570
DB11061,8610
DB11062,91327
DB11063,8560
DB11064,91326
DB11065,1427033
DB11066,1427034
DB11067,978673
DB11068,1538275
DB11071,36122
DB11072,5496
DB11073,2286
DB11074,324072
DB11075,1363586
DB11077,8514
DB11079,38866
DB11080,9789
DB11081,46241
DB11082,2635
DB11085,35382
DB11086,21389
DB11087,1232405
DB11088,91472
DB11089,82003
DB11090,34316
DB11091,5499
DB11092,10030
DB11093,47613
DB11094,11253
DB11095,114934
DB11096,91324
DB11097,8928
DB11098,34296
DB11099,1307710
DB11100,508
DB11102,31005
DB11104,1599276
DB11105,1378
DB11107,223779
DB11108,543375
DB11109,1310122
DB11110,52356
DB11111,89821
DB11112,6227
DB11113,2129
DB11114,59087
DB11115,13714
DB11116,1370425
DB11117,314881
DB11118,1299884
DB11119,9884
DB11120,10938
DB11121,20877
DB11123,1483317
DB11124,66887
DB11125,1390
DB11126,1908
DB11127,36344
DB11128,17789
DB11129,47686
DB11130,7676
DB11131,235787
DB11132,314826
DB11133,4301
DB11134,21837
DB11135,9641
DB11136,2496
DB11137,7024
DB11140,1306065
DB11141,52403
DB11142,9644
DB11143,62130
DB11144,1309360
DB11145,110
DB11147,1306097
DB11148,19861
DB11149,1305896
DB11150,1331
DB11151,9880
DB11152,618564
DB11153,34311
DB11154,236911
DB11155,38609
DB11156,8984
DB11157,873
DB11158,32987
DB11159,1293719
DB11160,33408
DB11161,8513
DB11164,1306100
DB11165,1362931
DB11166,1427179
DB11168,273888
DB11169,644718
DB11171,24913
DB11172,1309247
DB11174,1428832
DB11175,58301
DB11176,39918
DB11178,8559
DB11179,62153
DB11180,1311569
DB11181,27084
DB11182,9471
DB11183,1305579
DB11184,1367088
DB11185,1311567
DB11186,20217
DB11187,1591920
DB11188,1591921
DB11189,476818
DB11190,32863
DB11191,21373
DB11192,1547558
DB11193,7892
DB11195,11377
DB11197,1490797
DB11198,33094
DB11199,1305661
DB11200,1306096
DB11201,1368207
DB11202,1422066
DB11203,1705
DB11204,1044977
DB11205,1305554
DB11206,1306115
DB11207,1426854
DB11208,1313224
DB11209,27823
DB11210,1102188
DB11211,90521
DB11217,1367175
DB11218,69627
DB11219,1311507
DB11220,12166
DB11221,23350
DB11222,1406
DB11223,1116238
DB11224,1313242
DB11225,1367120
DB11226,1311616
DB11227,1306060
DB11228,6873
DB11229,1363712
DB11230,17614
DB11231,29008
DB11232,1314278
DB11233,1306066
DB11234,1368152
DB11235,1360721
DB11236,1312707
DB11237,10890
DB11238,68905
DB11239,17621
DB11242,4716
DB11243,1314358
DB11244,1305744
DB11246,2839
DB11247,1307698
DB11248,58300
DB11250,1311155
DB11251,1236136
DB11252,155155
DB11253,1307815
DB11254,5321
DB11255,59308
DB11256,1025342
DB11257,196213
DB11259,1314347
DB11260,1426391
DB11261,1307719
DB11262,1310510
DB11263,1364277
DB11264,1909
DB11265,1306094
DB11266,1311499
DB11267,1310586
DB11268,1362689
DB11269,1426392
DB11270,1305643
DB11271,1367142
DB11272,1427065
DB11273,3415
DB11274,91170
DB11275,91171
DB11276,1360627
DB11277,1305899
DB11278,1546444
DB11279,1546367
DB11281,19475
DB11282,3129
DB11283,1362902
DB11284,1427048
DB11285,1420983
DB11286,221082
DB11288,1368202
DB11289,1313720
DB11290,46243
DB11291,1313732
DB11293,1309223
DB11294,1549330
DB11295,1310905
DB11296,1368533
DB11297,1722914
DB11298,1314275
DB11299,1313189
DB11300,10528
DB11301,1482794
DB11302,1309222
DB11304,89552
DB11305,1363625
DB11306,1375
DB11309,10231
DB11311,1441689
DB11312,723868
DB11313,1310585
DB11315,89785
DB11318,1549115
DB11321,2669
DB11323,26051
DB11324,31945
DB11325,1363446
DB11326,1700
DB11327,1362743
DB11328,1370424
DB11329,1609072
DB11330,1670383
DB11331,1440971
DB11332,1440288
DB11333,155152
DB11335,1306933
DB11336,16054
DB11337,1440227
DB11338,7624
DB11340,39085
DB11341,5645
DB11342,615
DB11343,1601667
DB11344,1648123
DB11345,1648124
DB11346,1311489
DB11347,1311119
DB11348,1919
DB11349,1306178
DB11350,1311576
DB11352,1370605
DB11355,1311659
DB11356,1367143
DB11357,6404
DB11358,1437503
DB11359,5031
DB11360,1673942
DB11361,1310070
DB11362,1729002
DB11363,1727455
DB11364,40450
DB11365,36387
DB11366,1442093
DB11371,1544577
DB11372,1314612
DB11373,17763
DB11374,1006654
DB11375,1661561
DB11376,2601502
DB11377,1367176
DB11378,1951
DB11382,20206
DB11383,2378
DB11387,1362698
DB11389,28303
DB11390,1358488
DB11394,1314345
DB11395,356834
DB11396,3351
DB11397,1368201
DB11399,1592684
DB11400,73455
DB11401,354606
DB11404,24192
DB11405,1006619
DB11408,24805
DB11410,4325
DB11411,25086
DB11414,1538098
DB11416,1113697
DB11417,1855078
DB11419,1363644
DB11421,1251576
DB11423,1364397
DB11424,83586
DB11425,2583725
DB11426,69256
DB11427,715869
DB11428,52016
DB11429,1368208
DB11431,1047072
DB11432,1314370
DB11433,1311583
DB11436,1311555
DB11438,341379
DB11440,1487006
DB11442,7629
DB11443,995897
DB11444,32526
DB11446,32634
DB11447,1110783
DB11451,1314414
DB11452,298983
DB11453,1367269
DB11454,1250203
DB11456,1366666
DB11458,1314413
DB11459,1044269
DB11460,10014
DB11461,2476008
DB11462,1306111
DB11466,1365970
DB11468,1546410
DB11470,1306059
DB11471,38278
DB11472,1000581
DB11474,1309314
DB11475,995505
DB11476,11232
DB11477,1099660
DB11478,1368476
DB11479,1727538
DB11480,1487907
DB11481,18475
DB11482,33219
DB11485,1311521
DB11487,3265
DB11490,1487533
DB11495,1358845
DB11497,1829
DB11504,20191
DB11505,1591901
DB11507,2606
DB11509,1428217
DB11510,1311744
DB11511,1549540
DB11513,59247
DB11516,25121
DB11519,1426887
DB11521,1740237
DB11522,1546449
DB11525,1012534
DB11529,1537799
DB11530,68730
DB11534,19900
DB11537,1367292
DB11538,1085955
DB11540,1311677
DB11542,1311554
DB11543,1091919
DB11544,1311566
DB11545,1314385
DB11547,1535217
DB11551,1484278
DB11552,1370418
DB11554,1368469
DB11555,1535252
DB11556,22672
DB11558,1311381
DB11560,1731031
DB11561,645
DB11562,1726975
DB11564,1740938
DB11567,1745099
DB11570,32786
DB11571,825006
DB11572,1367075
DB11573,17610
DB11574,1734628
DB11575,1734630
DB11576,1310572
DB11577,325514
DB11578,1368196
DB11579,577312
DB11580,2107316
DB11581,1747556
DB11582,38085
DB11583,1992874
DB11586,1652103
DB11587,2037
DB11589,7301
DB11590,10472
DB11591,23623
DB11595,1792776
DB11596,877015
DB11597,1789837
DB11598,221062
DB11599,1039062
DB11600,1356
DB11601,8948
DB11602,27244
DB11603,89886
DB11604,91603
DB11605,67257
DB11606,1592899
DB11607,1543095
DB11608,1535944
DB11609,32009
DB11610,32639
DB11611,1801820
DB11613,1799206
DB11614,33764
DB11617,239
DB11618,4792
DB11620,39385
DB11622,42625
DB11623,2474632
DB11626,283746
DB11627,797752
DB11628,115243
DB11631,2362167
DB11633,1720882
DB11634,159151
DB11636,31930
DB11637,2106338
DB11641,2197878
DB11643,1545063
DB11645,2361285
DB11653,2176312
DB11654,1362699
DB11660,1988390
DB11661,2955
DB11673,1803717
DB11675,135091
DB11676,1313234
DB11678,38508
DB11679,2670179
DB11680,2628210
DB11683,2289380
DB11690,1876597
DB11692,1362697
DB11696,16738
DB11697,2595243
DB11698,27392
DB11700,2469247
DB11701,1986808
DB11704,2606484
DB11706,1314329
DB11710,1999382
DB11713,1919503
DB11715,2049106
DB11719,2665338
DB11730,1873916
DB11731,2256930
DB11734,4626
DB11736,55679
DB11739,2604577
DB11740,23796
DB11743,18891
DB11749,2590
DB11751,2475077
DB11752,35616
DB11754,2199015
DB11758,2099704
DB11761,2199674
DB11762,2665204
DB11764,1923319
DB11768,37546
DB11771,2619313
DB11772,1872251
DB11777,60245
DB11784,2362165
DB11792,1918231
DB11794,2380373
DB11797,2613558
DB11798,1999660
DB11800,2534233
DB11801,2047232
DB11818,7421
DB11821,2119365
DB11824,1992672
DB11828,1940643
DB11829,1928588
DB11835,1724429
DB11836,2395271
DB11837,2286252
DB11838,1432293
DB11841,1999003
DB11843,2913
DB11847,2626349
DB11851,2472778
DB11854,2102775
DB11856,2121777
DB11860,2123180
DB11867,2262278
DB11875,1603521
DB11876,1359422
DB11877,2550729
DB11888,1999574
DB11902,1918219
DB11916,90540
DB11917,22396
DB11922,2586354
DB11929,2475532
DB11933,1376156
DB11934,2282403
DB11937,2569089
DB11939,2178390
DB11943,1927663
DB11944,1875534
DB11946,2272403
DB11952,2058509
DB11953,1427086
DB11956,2058848
DB11964,2565265
DB11977,2105845
DB11979,2049846
DB11980,2032
DB11981,2197862
DB11987,1876366
DB11989,18994
DB11990,22759
DB11995,2045726
DB11996,40230
DB11997,1367202
DB11998,1946825
DB12002,2670631
DB12006,2044896
DB12011,2169285
DB12016,2532300
DB12017,1939323
DB12027,1311387
DB12030,1424665
DB12032,2059018
DB12036,2641822
DB12040,2533837
DB12041,1788871
DB12053,1988648
DB12071,2168587
DB12079,32649
DB12087,1310171
DB12092,1872441
DB12096,1945213
DB12108,24246
DB12117,2103164
DB12131,24506
DB12132,2105806
DB12142,2123125
DB12148,29495
DB12149,997602
DB12154,1989289
DB12157,1876376
DB12160,1876905
DB12162,7427
DB12173,1314420
DB12177,1426682
DB12183,2672253
DB12185,2539289
DB12208,15842
DB12218,2669967
DB12219,1982
DB12222,1926836
DB12225,19850
DB12231,2539031
DB12236,2627044
DB12237,2174091
DB12241,1921877
DB12244,2118525
DB12246,38967
DB12249,2373652
DB12250,52918
DB12252,1311280
DB12258,2564146
DB12266,1921217
DB12268,2557218
DB12275,1373041
DB12278,55175
DB12279,2262544
DB12282,7285
DB12294,2571811
DB12301,2055755
DB12302,1311373
DB12311,23638
DB12314,1385
DB12321,1984
DB12329,2055906
DB12330,1862579
DB12333,37775
DB12344,1659205
DB12363,1927851
DB12365,1989818
DB12367,2121085
DB12373,2630725
DB12375,2268500
DB12378,19777
DB12402,9549
DB12404,2383941
DB12405,87639
DB12408,9509
DB12419,1311225
DB12432,38022
DB12445,1311134
DB12451,1487826
DB12453,20799
DB12454,2059269
DB12456,2282307
DB12458,6131
DB12466,2560213
DB12472,52014
DB12473,2670453
DB12474,6529
DB12475,8353
DB12479,1311067
DB12482,1945077
DB12484,34625
DB12489,2621548
DB12490,8354
DB12493,2054077
DB12499,2474340
DB12500,2197490
DB12501,2289011
DB12511,2631931
DB12514,1362906
DB12520,1305552
DB12522,61455
DB12524,70161
DB12526,1546424
DB12530,2373951
DB12531,2559612
DB12545,27518
DB12547,25126
DB12554,29410
DB12555,1311146
DB12583,1363050
DB12584,2584304
DB12598,69893
DB12604,9806
DB12605,2288236
DB12613,2049549
DB12616,7327
DB12621,2119240
DB12625,578285
DB12648,236901
DB12657,39230
DB12662,8871
DB12668,1349278
DB12669,2374729
DB12675,2591797
DB12685,2099305
DB12689,8042
DB12711,2638675
DB12714,1484499
DB12750,29209
DB12752,1546275
DB12755,2003595
DB12763,21914
DB12767,1344
DB12769,1314227
DB12773,35216
DB12781,1374
DB12784,7513
DB12788,3477
DB12791,1735163
DB12793,1546420
DB12794,2205637
DB12809,1314261
DB12817,2198944
DB12826,8637
DB12833,36314
DB12835,2610407
DB12836,1862951
DB12837,2046360
DB12840,35373
DB12847,1311490
DB12860,1427073
DB12863,1876119
DB12866,1373
DB12868,1812589
DB12873,2643048
DB12875,54236
DB12878,1311299
DB12881,2598119
DB12882,2274378
DB12888,2360232
DB12894,38865
DB12903,196342
DB12906,6633
DB12908,4271
DB12910,235788
DB12912,2668041
DB12919,4648
DB12924,1994739
DB12925,47589
DB12927,31958
DB12928,7674
DB12931,1371313
DB12939,2180325
DB12942,28395
DB12943,8196
DB12945,3409
DB12946,57047
DB12955,55244
DB12959,2606543
DB12966,1435864
DB12970,1788981
DB12971,2183102
DB12979,9774
DB12983,1999764
DB12984,21660
DB13004,2268306
DB13008,2267021
DB13009,1546455
DB13016,10588
DB13026,7701
DB13027,1426867
DB13032,1368168
DB13039,46276
DB13040,24855
DB13044,1546283
DB13048,72467
DB13051,2602577
DB13056,32941
DB13064,38453
DB13065,1999420
DB13075,2001758
DB13076,9020
DB13085,1311506
DB13090,38315
DB13092,29418
DB13093,1918319
DB13101,1311407
DB13111,1311560
DB13117,1591891
DB13118,1747475
DB13122,38893
DB13125,2054984
DB13126,36434
DB13132,2367409
DB13133,826072
DB13134,50097
DB13137,237159
DB13140,1855048
DB13141,236595
DB13142,70167
DB13145,1796118
DB13147,1427018
DB13148,4262
DB13149,34822
DB13150,4254
DB13151,314504
DB13152,221099
DB13153,19461
DB13154,14982
DB13155,1314351
DB13156,6048
DB13157,314832
DB13158,108074
DB13160,594
DB13161,1863556
DB13163,89916
DB13164,39990
DB13167,1495153
DB13169,7244
DB13170,1873752
DB13171,1311678
DB13172,1922436
DB13174,5833
DB13179,10864
DB13180,4106
DB13191,203083
DB13193,236664
DB13194,1309795
DB13195,317825
DB13196,253206
DB13197,6095
DB13198,8016
DB13199,1307040
DB13200,1440046
DB13201,33761
DB13203,18752
DB13204,1321
DB13207,114464
DB13208,12473
DB13209,19477
DB13210,992920
DB13211,8141
DB13213,10212
DB13216,32658
DB13217,29256
DB13219,29434
DB13220,236617
DB13221,166718
DB13223,3332
DB13226,38557
DB13228,25089
DB13229,4793
DB13231,47622
DB13232,8758
DB13235,21264
DB13238,14852
DB13245,10517
DB13246,35242
DB13247,33632
DB13249,1310566
DB13250,1311141
DB13252,38876
DB13253,83885
DB13254,236174
DB13255,2620
DB13257,24607
DB13259,4141
DB13260,7094
DB13261,1310168
DB13264,5303
DB13266,2179
DB13267,22906
DB13270,3328
DB13271,2915
DB13272,37416
DB13274,29996
DB13275,2508
DB13280,1752
DB13282,1311593
DB13283,10206
DB13284,19847
DB13287,236200
DB13288,38868
DB13289,33712
DB13293,5975
DB13294,1218
DB13296,34633
DB13297,19729
DB13298,24807
DB13304,2407
DB13307,8795
DB13308,236749
DB13310,44532
DB13312,17387
DB13315,36669
DB13316,51253
DB13317,27221
DB13323,2534464
DB13324,37985
DB13325,31786
DB13326,26290
DB13330,23852
DB13334,33277
DB13338,4132
DB13340,24860
DB13342,2059173
DB13344,3416
DB13346,1796
DB13347,38248
DB13349,59064
DB13352,3116
DB13353,29584
DB13357,89818
DB13358,21099
DB13359,142131
DB13360,38372
DB13361,28068
DB13364,8673
DB13365,5486
DB13367,47610
DB13373,249
DB13374,11201
DB13375,80726
DB13376,89811
DB13378,31988
DB13379,163406
DB13381,105673
DB13382,59860
DB13383,446248
DB13385,3417
DB13386,89722
DB13389,6762
DB13393,3820
DB13394,17073
DB13395,24274
DB13396,7805
DB13399,6686
DB13402,7815
DB13404,6696
DB13406,2068
DB13407,6465
DB13412,35097
DB13413,8015
DB13416,37317
DB13417,49428
DB13422,104486
DB13423,1428835
DB13424,61773
DB13427,8730
DB13432,28876
DB13433,24876
DB13435,6680
DB13438,34604
DB13439,21171
DB13443,26344
DB13447,34906
DB13451,163426
DB13452,11363
DB13454,30005
DB13457,32633
DB13464,7703
DB13465,27929
DB13468,1358000
DB13469,20485
DB13471,2983
DB13473,1337969
DB13474,236206
DB13477,52259
DB13478,6761
DB13479,4112
DB13484,1666106
DB13487,1367
DB13489,18753
DB13490,54908
DB13493,21954
DB13494,5979
DB13497,2190
DB13500,32311
DB13501,19832
DB13503,10968
DB13504,20482
DB13505,3816
DB13506,33926
DB13508,17393
DB13510,19836
DB13511,21224
DB13512,236913
DB13516,17305
DB13519,314546
DB13520,6834
DB13521,39468
DB13524,34710
DB13525,1306165
DB13526,33055
DB13527,34769
DB13528,78904
DB13529,235935
DB13530,29518
DB13531,3000
DB13533,51486
DB13542,6996
DB13544,24468
DB13545,22865
DB13549,15027
DB13550,47111
DB13551,10804
DB13553,8622
DB13556,38133
DB13558,9388
DB13560,22708
DB13561,21244
DB13563,7519
DB13564,39969
DB13565,236962
DB13566,24940
DB13570,2481135
DB13571,5254
DB13575,516
DB13578,37289
DB13581,6755
DB13584,4638
DB13585,6818
DB13587,6781
DB13588,7236
DB13590,1917
DB13591,29954
DB13592,30227
DB13598,1363043
DB13599,402587
DB13600,22374
DB13601,32645
DB13602,8744
DB13603,8143
DB13606,8119
DB13607,51487
DB13619,19610
DB13620,89903
DB13621,29704
DB13625,23162
DB13627,7798
DB13628,1362892
DB13629,30202
DB13630,235829
DB13632,33086
DB13635,16784
DB13641,34479
DB13643,38555
DB13644,460
DB13649,2669456
DB13650,17392
DB13651,1425919
DB13655,7424
DB13656,1372
DB13658,236186
DB13660,34649
DB13661,1368870
DB13670,1871175
DB13671,236209
DB13679,22697
DB13680,31475
DB13681,180806
DB13682,27130
DB13683,32411
DB13685,31722
DB13688,291204
DB13690,199
DB13692,10168
DB13694,3551
DB13695,1440290
DB13699,8826
DB13701,237141
DB13703,41157
DB13704,66958
DB13705,1310593
DB13707,56524
DB13708,6833
DB13711,38810
DB13712,39823
DB13715,1362873
DB13717,33303
DB13718,2468435
DB13719,89782
DB13721,2590266
DB13722,7419
DB13725,37815
DB13726,10174
DB13727,26416
DB13729,19862
DB13732,319866
DB13733,91275
DB13736,24856
DB13737,2978
DB13738,20136
DB13739,19338
DB13747,38623
DB13748,52358
DB13750,42826
DB13751,26143
DB13752,20609
DB13754,2228
DB13759,41397
DB13762,1311634
DB13766,6390
DB13767,19928
DB13771,10181
DB13774,1370587
DB13775,37840
DB13776,39801
DB13782,16695
DB13784,23419
DB13786,139233
DB13787,10597
DB13788,46239
DB13790,7974
DB13792,2603
DB13793,57954
DB13794,121069
DB13795,19727
DB13796,402565
DB13797,47624
DB13801,24263
DB13803,11371
DB13804,19084
DB13805,38136
DB13808,29411
DB13809,2473230
DB13810,27748
DB13814,10322
DB13815,2067
DB13818,8337
DB13824,235961
DB13826,1362891
DB13827,27492
DB13828,1311526
DB13830,8604
DB13832,29629
DB13837,7543
DB13839,21285
DB13844,33743
DB13845,2571853
DB13849,29444
DB13853,820
DB13854,25605
DB13855,31782
DB13856,108091
DB13857,22483
DB13858,27438
DB13861,27779
DB13862,29164
DB13863,2119172
DB13864,3142
DB13866,24591
DB13867,41126
DB13868,16521
DB13869,28894
DB13873,24852
DB13874,1940332
DB13875,1940636
DB13879,1940635
DB13881,1986438
DB13882,29900
DB13883,979384
DB13884,1743992
DB13885,24912
DB13886,1997443
DB13887,314724
DB13888,314725
DB13889,29501
DB13890,29503
DB13891,885189
DB13892,885187
DB13893,885185
DB13894,885183
DB13895,1098274
DB13896,1721264
DB13897,1722702
DB13898,1722698
DB13899,1722706
DB13900,1722696
DB13901,1722704
DB13902,1722700
DB13903,1722683
DB13904,465953
DB13905,1119986
DB13906,1306128
DB13907,1922751
DB13908,236248
DB13909,19476
DB13910,324003
DB13911,1310707
DB13912,89781
DB13914,1987398
DB13916,214354
DB13920,1989795
DB13924,1986820
DB13925,676679
DB13926,2104332
DB13927,1991302
DB13929,1992864
DB13932,1995538
DB13933,1990855
DB13934,1546357
DB13950,1310578
DB13960,1114345
DB13961,4419
DB13962,1907
DB13963,18235
DB13965,1605249
DB13966,27985
DB13967,32950
DB13968,33835
DB13969,1539969
DB13970,2382593
DB13971,11121
DB13972,9100
DB13973,1355833
DB13975,236665
DB13976,34300
DB13978,2200143
DB13981,53744
DB13982,1999335
DB13987,37175
DB13988,402580
DB13993,2099995
DB13998,1441649
DB14003,39625
DB14004,2053436
DB14005,3690
DB14008,2168435
DB14010,2043855
DB14013,1366858
DB14016,1310249
DB14017,1546386
DB14019,2044417
DB14020,322165
DB14027,3155
DB14029,1551573
DB14038,47070
DB14039,2045613
DB14040,2282660
DB14041,2056691
DB14042,2058846
DB14043,2001986
DB14044,89548
DB14048,2047628
DB14049,1546271
DB14050,1551574
DB14055,1374399
DB14074,1737729
DB14075,1368885
DB14076,1310567
DB14078,1314368
DB14079,14699
DB14080,1809634
DB14081,18405
DB14082,194098
DB14083,1368138
DB14084,1306937
DB14085,1362694
DB14086,1367177
DB14087,1547610
DB14088,1360626
DB14089,2475951
DB14090,23247
DB14091,1362909
DB14092,1722234
DB14093,1376149
DB14096,1549117
DB14097,1426933
DB14100,1311319
DB14101,1368189
DB14103,1722382
DB14104,6400
DB14105,1599274
DB14106,1306061
DB14107,1990418
DB14108,1362584
DB14109,1363429
DB14110,1310542
DB14111,597392
DB14113,89887
DB14114,2101270
DB14115,544488
DB14116,236730
DB14117,1426646
DB14119,1363444
DB14120,1313724
DB14121,1998743
DB14122,1430390
DB14124,1307080
DB14125,1546196
DB14126,117466
DB14127,1860608
DB14128,1044975
DB14129,1872381
DB14130,1921110
DB14131,236872
DB14134,1367124
DB14135,1483316
DB14136,1371320
DB14137,1314277
DB14138,1311243
DB14139,1722035
DB14140,1798386
DB14141,1362740
DB14142,1311550
DB14144,1435279
DB14145,1427157
DB14146,314302
DB14149,1364379
DB14150,1546391
DB14151,8263
DB14152,349656
DB14153,1487142
DB14154,1311190
DB14155,1306196
DB14156,1371994
DB14157,1426418
DB14158,2221
DB14159,1546448
DB14160,1305547
DB14161,579598
DB14162,2049894
DB14163,1319268
DB14164,1922750
DB14165,1345679
DB14166,1735326
DB14167,1310183
DB14168,905070
DB14169,1232311
DB14170,1341384
DB14171,1986792
DB14172,1352501
DB14173,1310602
DB14174,1426773
DB14175,1311606
DB14176,19075
DB14177,34706
DB14178,1363713
DB14179,1350211
DB14180,31738
DB14181,1426478
DB14182,1313336
DB14183,1368875
DB14184,1368153
DB14185,1362889
DB14187,1362893
DB14188,1363706
DB14189,4158
DB14190,1427189
DB14191,1368170
DB14192,1363709
DB14193,1427192
DB14194,1426942
DB14195,1363710
DB14196,1427136
DB14197,1367119
DB14198,283678
DB14199,1307044
DB14200,1306886
DB14201,1306112
DB14202,1363711
DB14203,1368171
DB14204,1546280
DB14205,1546419
DB14206,1426884
DB14207,1546393
DB14208,1546377
DB14209,1546379
DB14210,1546358
DB14211,1314371
DB14212,29903
DB14213,1546400
DB14214,1546359
DB14218,1872382
DB14219,1546433
DB14221,1546384
DB14222,100213
DB14223,1811178
DB14224,285156
DB14225,1943794
DB14226,1310845
DB14227,90650
DB14228,1547557
DB14229,1311630
DB14230,317176
DB14231,1305564
DB14232,1872905
DB14233,349762
DB14234,1311242
DB14235,125929
DB14236,1739980
DB14237,477379
DB14238,477531
DB14239,260025
DB14240,228041
DB14241,1425214
DB14242,285279
DB14243,1311338
DB14244,1428846
DB14245,1368534
DB14246,1368163
DB14247,1494846
DB14248,1737793
DB14249,1438509
DB14250,35805
DB14251,1438113
DB14252,1309258
DB14253,1309702
DB14254,1309199
DB14255,1306167
DB14256,1807125
DB14257,1309503
DB14258,1372006
DB14259,1309788
DB14260,1426635
DB14261,1311648
DB14262,1370777
DB14263,1309289
DB14264,1358962
DB14265,1306885
DB14266,1306058
DB14267,1360628
DB14268,1370776
DB14269,1358963
DB14270,1309470
DB14271,1310055
DB14272,1314597
DB14273,1311561
DB14274,1307749
DB14275,485858
DB14276,1114883
DB14277,1440289
DB14278,1376213
DB14279,1376214
DB14280,1307960
DB14281,1370984
DB14282,1312717
DB14283,1309828
DB14284,1370774
DB14285,1356135
DB14286,1309490
DB14287,1370985
DB14288,1310098
DB14289,1314302
DB14290,1309220
DB14291,1309324
DB14292,1310280
DB14293,1606332
DB14294,1660771
DB14295,1309940
DB14296,1428042
DB14297,285208
DB14298,1609190
DB14299,1485786
DB14300,1609189
DB14301,1311044
DB14302,282470
DB14303,319812
DB14304,1365707
DB14305,1311579
DB14306,1424881
DB14307,659476
DB14308,1306161
DB14309,1309256
DB14310,1305642
DB14311,1310571
DB14312,1010954
DB14313,1307699
DB14314,1607314
DB14315,1428027
DB14316,1305532
DB14317,1246101
DB14318,1429937
DB14319,1801506
DB14320,1305545
DB14321,1314332
DB14322,1309239
DB14323,1309208
DB14324,1318515
DB14325,1311675
DB14326,1311393
DB14327,1424645
DB14328,1306194
DB14329,37422
DB14330,1307956
DB14331,1372928
DB14332,1311610
DB14333,1309447
DB14334,1307683
DB14335,1305651
DB14336,1307866
DB14337,1307580
DB14338,262263
DB14340,1309458
DB14341,1305633
DB14342,1309287
DB14343,283674
DB14344,1492937
DB14345,1311590
DB14346,1599157
DB14347,1307614
DB14348,1366324
DB14349,1306235
DB14350,1309723
DB14351,1426661
DB14352,1307640
DB14353,1863582
DB14354,1305659
DB14355,1485785
DB14356,1309786
DB14357,285157
DB14358,1370988
DB14359,1539416
DB14360,350488
DB14361,1356151
DB14362,1307834
DB14363,1305664
DB14364,1307750
DB14365,1311595
DB14366,1305743
DB14367,1426885
DB14368,1314843
DB14369,1999320
DB14370,1307947
DB14371,2619910
DB14372,1309330
DB14373,1995249
DB14374,1989334
DB14375,350520
DB14376,2001615
DB14377,32809
DB14378,1306163
DB14379,1863581
DB14382,1099933
DB14410,1802483
DB14411,1946964
DB14426,1801767
DB14427,901505
DB14428,901507
DB14429,901509
DB14430,901511
DB14431,1801603
DB14436,1794331
DB14439,1812935
DB14444,1546353
DB14472,1728770
DB14473,4257
DB14474,1307571
DB14475,2462499
DB14476,220893
DB14477,317841
DB14478,1310463
DB14482,1299637
DB14488,1376155
DB14493,1306063
DB14494,39935
DB14495,283767
DB14496,36699
DB14497,8588
DB14501,1546375
DB14507,1541238
DB14511,164
DB14512,6574
DB14514,1364429
DB14517,1546162
DB14520,1358876
DB14522,1314279
DB14523,486961
DB14524,1546282
DB14525,1546418
DB14526,1544139
DB14532,1546264
DB14533,2045117
DB14535,1546281
DB14536,2280602
DB14537,21651
DB14546,1426598
DB14547,153974
DB14548,1546371
DB14550,314639
DB14551,258478
DB14552,1427198
DB14553,1424875
DB14554,1797118
DB14555,2045735
DB14556,2045732
DB14557,1367134
DB14558,2045114
DB14563,1312377
DB14564,1592296
DB14565,1307593
DB14566,2168411
DB14567,1306946
DB14568,2049873
DB14569,1540825
DB14570,5542
DB14571,1745075
DB14572,1546284
DB14573,1310300
DB14575,1482502
DB14576,1546370
DB14577,1316581
DB14578,1546429
DB14579,1546443
DB14580,2626143
DB14581,2053490
DB14583,2055977
DB14584,2055978
DB14585,104129
DB14586,314661
DB14587,1306169
DB14589,1363571
DB14590,1735152
DB14591,237027
DB14597,2055640
DB14598,1306883
DB14602,1311345
DB14623,2675620
DB14676,4791
DB14678,31984
DB14679,2878
DB14682,1099937
DB14686,1305745
DB14687,1307961
DB14688,317808
DB14689,90945
DB14690,1309388
DB14691,260012
DB14692,1373037
DB14693,1330085
DB14695,2054177
DB14698,2055655
DB14701,1314307
DB14706,1426448
DB14707,2058825
DB14708,1370773
DB14710,2057909
DB14711,1492300
DB14712,2059218
DB14713,2099289
DB14714,19791
DB14721,2105628
DB14724,2104603
DB14725,20473
DB14726,1546356
DB14727,2106328
DB14728,2121416
DB14731,2109054
DB14732,2464938
DB14735,2585216
DB14736,1976
DB14738,578350
DB14741,6383
DB00781,8536
DB14743,487252
DB14745,435657
DB14746,1364382
DB14747,1551454
DB14748,1429948
DB14749,1310087
DB14750,616877
DB14752,2121751
DB14755,1310102
DB14758,2198979
DB14759,1006340
DB14760,2284718
DB14762,2166040
DB14763,2668045
DB14767,1993232
DB14772,2634995
DB14783,2261783
DB14784,253341
DB14805,2556616
DB14806,2282018
DB14812,1363053
DB14838,2369389
DB14841,2596773
DB14852,2204915
DB14865,2265702
DB14880,2392230
DB14882,2472254
DB14896,2588243
DB14902,2668384
DB14911,2372689
DB14915,2642274
DB14920,2600867
DB14922,2641595
DB14925,1368128
DB14928,42781
DB14937,2664896
DB14940,2644503
DB14961,2267574
DB14963,11454
DB14964,2473850
DB14968,2591476
DB14974,2265678
DB14976,8302
DB14982,2480096
DB14985,2478439
DB14990,2637446
DB14993,2591404
DB14997,4381
DB15000,2612526
DB15002,2389840
DB15006,2572100
DB15012,2665622
DB15019,2591497
DB15032,2571858
DB15034,2262435
DB15036,2669406
DB15044,2387334
DB15045,1439115
DB15050,2475177
DB15057,1486026
DB15059,2265712
DB15067,2637345
DB15068,2612690
DB15072,1314858
DB15074,2587789
DB15091,2196092
DB15092,2557394
DB15094,2359268
DB15104,2550706
DB15112,2669799
DB15115,2587059
DB15120,5497
DB15128,2477103
DB15134,1667222
DB15137,2105627
DB15147,2628190
DB15150,2670285
DB15165,2645108
DB15166,2601723
DB15172,1986787
DB15206,2663938
DB15219,2535233
DB15227,2272107
DB15234,2466731
DB15237,2571859
DB15238,10579
DB15264,2587717
DB15271,2262421
DB15272,1608803
DB15275,2590743
DB15284,27220
DB15301,2591519
DB15304,2565488
DB15305,2390935
DB15306,1311480
DB15319,2268216
DB15329,53553
DB15330,23066
DB15352,2478335
DB15355,1363608
DB15380,1310121
DB15393,2368126
DB15395,2644880
DB15396,1856273
DB15405,2586857
DB15414,2625122
DB15435,2479690
DB15443,2256951
DB15445,314691
DB15446,2475830
DB15457,2567226
DB15464,2001352
DB15466,288262
DB15468,2602134
DB15469,1314657
DB15470,17354
DB15478,1350209
DB15479,2106739
DB15481,1668221
DB15484,2669905
DB15491,2199391
DB15495,2104198
DB15503,1363561
DB15504,2202946
DB15505,2180337
DB15506,2180338
DB15507,2043275
DB15510,2043450
DB15512,2101422
DB15513,2198896
DB15514,2197290
DB15522,2197291
DB15523,2197292
DB15524,2197293
DB15525,2101473
DB15526,2101007
DB15527,1942479
DB15528,2170226
DB15529,2102006
DB15530,2102052
DB15531,1652102
DB15532,87855
DB15533,1925
DB15534,2174385
DB15535,1423796
DB15536,24898
DB15537,1541731
DB15538,1426396
DB15539,2102481
DB15540,2102483
DB15541,2102488
DB15542,2198984
DB15543,2102486
DB15544,1995252
DB15545,1866393
DB15546,1310587
DB15547,2102474
DB15548,2102475
DB15549,2261370
DB15550,283578
DB15556,1306062
DB15557,1423458
DB15558,2641610
DB15562,2056521
DB15563,2625882
DB15569,2550714
DB15570,2261372
DB15572,2671667
DB15573,2362183
DB15574,1923811
DB15575,1546423
DB15578,191566
DB15581,1362888
DB15582,981
DB15588,1426931
DB15589,2199325
DB15590,2102476
DB15593,2267207
DB15594,1998867
DB15595,2624741
DB15596,2462496
DB15597,1006397
DB15598,2539932
DB15599,1358956
DB15603,2102479
DB15605,2102477
DB15606,1486503
DB15607,1721695
DB15608,2102821
DB15609,2169961
DB15611,1363443
DB15612,1603849
DB15613,2102480
DB15614,1370467
DB15616,2274394
DB15618,2280293
DB15621,2280296
DB15622,2610417
DB15627,2539967
DB15628,1318050
DB15632,2672489
DB15637,2637535
DB15643,28728
DB15649,235535
DB15650,2470232
DB15655,2286250
DB15659,1858362
DB15660,2587901
DB15662,2287736
DB15663,1309212
DB15664,2276893
DB15665,1426467
DB15667,2359256
DB15668,1368701
DB15669,2637134
DB15670,2625651
DB15674,2197842
DB15676,1314381
DB15678,89746
DB15679,235461
DB15680,2360571
DB15681,2360572
DB15682,2360574
DB15683,2360573
DB15684,2288812
DB15685,2370147
DB15686,2637955
DB15689,2372221
DB15691,2384449
DB15695,2468230
DB15697,2387277
DB15700,2380835
DB15701,2380836
DB15702,2380837
DB15708,2380834
DB15709,2380838
DB15710,2463114
DB15719,2387833
DB15720,11422
DB15721,1421648
DB15756,2388136
DB15757,103866
DB15760,1362742
DB15761,166010
DB15762,2391551
DB15763,37744
DB15764,31767
DB15765,2632981
DB15767,1476
DB15775,90926
DB15777,4465
DB15778,27208
DB15779,1311500
DB15780,1311485
DB15783,76273
DB15784,59082
DB15786,1368708
DB15787,1307832
DB15790,89831
DB15794,333
DB15796,1310049
DB15816,8589
DB15820,26514
DB15821,4464
DB15822,2394936
DB15823,6205
DB15824,23163
DB15826,67187
DB15827,35890
DB15831,1738095
DB15833,8214
DB15835,1309217
DB15838,1309780
DB15839,1309793
DB15840,8333
DB15841,1362899
DB15842,36696
DB15843,2479830
DB15858,1307589
DB15861,19882
DB15862,2396442
DB15874,259351
DB15875,38716
DB15876,1546395
DB15879,8521
DB15880,33787
DB15884,1367166
DB15885,485853
DB15890,2266490
DB15895,2477854
DB15898,2461338
DB15899,2461339
DB15900,2461434
DB15901,1364387
DB15902,2369
DB15904,1441543
DB15905,200
DB15907,4065
DB15908,236340
DB15909,1427203
DB15911,17881
DB15917,2395761
DB15918,1359091
DB15922,1309211
DB15923,34312
DB15924,1310190
DB15927,1370452
DB15928,319779
DB15929,19472
DB15930,9724
DB15931,2467140
DB15936,1657128
DB15937,1657131
DB15938,2465249
DB15941,2465242
DB15942,72086
DB15944,228080
DB15946,2058907
DB15947,17205
DB15950,36700
DB15953,37071
DB15954,66422
DB15955,1362746
DB15956,1368180
DB15957,1312739
DB15958,38041
DB15959,1537576
DB15961,1921759
DB15962,1905
DB15963,1597391
DB15964,2474039
DB15966,1657134
DB15967,1546352
DB15968,3256
DB15973,9876
DB15975,37328
DB15976,37999
DB15977,28069
DB15982,2467540
DB15983,236522
DB15985,1309229
DB15987,1309210
DB15990,18254
DB15994,2598120
DB15995,1311391
DB15996,1309209
DB15997,37858
DB16002,75806
DB16003,37855
DB16004,1370573
DB16005,10756
DB16006,2586016
DB16020,38025
DB16023,5775
DB16025,1482633
DB16026,1733688
DB16053,2109241
DB16085,2571813
DB16099,2565814
DB16100,1592893
DB16102,1368134
DB16103,2562811
DB16166,1540882
DB16178,5164
DB16184,2671939
DB16200,2671061
DB16201,1368703
DB16204,2633005
DB16218,2569562
DB16221,2540964
DB16223,2571074
DB16227,2594468
DB16237,1721293
DB16250,2642401
DB16259,2563966
DB16262,2623641
DB16268,2288155
DB16289,2462501
DB16293,1426339
DB16299,2639155
DB16311,2550731
DB16356,2639782
DB16372,2472152
DB16386,2570736
DB16391,2587306
DB16394,2587300
DB16395,1998840
DB16405,2639620
DB16417,1362879
DB16427,2468050
DB16441,1366841
DB16523,2475957
DB16535,1309815
DB16537,2600050
DB16538,285148
DB16539,350202
DB16540,100272
DB16541,1592255
DB16542,2471430
DB16543,2462497
DB16544,2110033
DB16545,1668214
DB16547,2593692
DB16549,2110011
DB16550,1550045
DB16551,2375526
DB16552,39972
DB16553,1492190
DB16554,1600928
DB16556,9968
DB16557,1311501
DB16559,314743
DB16560,1921585
DB16561,1798446
DB16563,30320
DB16565,1307945
DB16567,56790
DB16569,72385
DB16571,20012
DB16573,1307691
DB16576,1314587
DB16577,2479136
DB16583,1310166
DB16584,1999473
DB16585,580117
DB16587,2479040
DB16589,2288428
DB16590,1539816
DB16591,1311127
DB16592,1311479
DB16593,1305720
DB16594,314666
DB16595,1307731
DB16596,360262
DB16597,1656306
DB16598,1311573
DB16599,1309227
DB16601,1309376
DB16602,3419
DB16603,1334747
DB16606,237116
DB16607,1311533
DB16608,90950
DB16611,2583637
DB16612,253157
DB16613,1306187
DB16614,880350
DB16616,1731724
DB16617,1309375
DB16619,1426413
DB16622,91588
DB16625,2531369
DB16628,2531288
DB16629,2562176
DB16630,2385341
DB16632,1429927
DB16633,2479553
DB16634,1307145
DB16635,1311693
DB16636,2359266
DB16637,1309361
DB16639,6086
DB16640,2612087
DB16651,2619426
DB16656,2631083
DB16663,2536430
DB16666,2637392
DB16673,2644447
DB16679,2587892
DB16692,2557372
DB16695,2549198
DB16697,2604578
DB16700,2557200
DB16702,2564025
DB16704,2639089
DB16705,2561244
DB16706,2562555
DB16707,2667433
DB16709,2626471
DB16710,2566297
DB16711,2566296
DB16712,2566295
DB16714,2566291
DB16715,2566292
DB16716,2566293
DB16717,2566294
DB16718,2564395
DB16720,2562554
DB16728,2571093
DB16733,2626460
DB16737,2594775
DB16739,2612527
DB16747,2592360
DB16756,1362735
DB16772,2597053
DB16779,2626727
DB16792,2641675
DB16803,2670644
DB16827,1310554
DB16828,1362905
DB16840,1923619
DB16843,1362930
DB16854,1368148
DB16855,2585446
DB16859,31538
DB16860,1426889
DB16863,1848
DB16864,20823
DB16865,2531311
DB16866,1314354
DB16867,1363049
DB16868,1310546
DB16869,1312611
DB16873,37106
DB16883,2467840
DB16891,2610349
DB16901,2607735
DB16902,2605083
DB16904,2605725
DB16911,2605723
DB16915,2605724
DB16916,2593400
DB16918,1661329
DB16922,1366930
DB16930,2375522
DB16957,1426778
DB17045,2530132
DB17067,2621019
DB17084,2618720
DB17085,2610243
DB17089,2637354
DB17133,2591813
DB17297,1603852
DB17309,26506
DB17311,1491871
DB17325,2644435
DB17382,2626219
DB17387,2626723
DB17450,2629338
DB17473,158660
DB17609,1314350
DB17615,2675287
DB17636,8226
DB17641,1653517
DB17706,2532931
DB17722,2636536
DB17744,2630221
DB17752,1486516
DB17762,2636588
DB17763,119246
DB17766,214485
DB17819,2637547
DB17824,2637758
DB17832,2637946
DB17852,1338933
DB17915,2612452
DB17930,2642217
DB17962,1998841
DB17993,2642276
DB17996,2641877
DB17997,595
DB18001,1605101
DB18002,164423
DB18003,1805438
DB18215,2664725
DB18228,2664825
DB18229,1730445
DB18233,1492039
DB18253,2621720
DB18314,1673068
DB18494,1546382
DB18510,2377030
DB18533,1546417
DB18589,1426608
DB18608,1942960
DB18635,2645084
DB18662,2103294
DB18666,2671958
DB18681,2673238
DB18702,2670630
DB18705,2642138
DB18714,2642139
DB18715,90249
